AAA,-17.352600,-145.509995
AAC,31.055324,33.827964
AAE,36.826781,7.813340
AAK,0.185278,173.636993
AAL,57.094763,9.849930
AAN,24.261700,55.609200
AAP,-0.374478,117.250128
AAR,56.303331,10.618286
AAT,47.749886,88.085808
AAX,-19.563200,-46.960400
AAY,16.193341,52.174186
AAZ,14.865600,-91.501999
ABA,53.740002,91.385002
ABB,6.204167,6.665278
ABD,30.367887,48.230075
ABE,40.651773,-75.442797
ABI,32.411301,-99.681900
ABJ,5.261390,-3.926290
ABK,6.732577,44.241339
ABL,67.105529,-157.855339
ABM,-10.946194,142.455081
ABQ,35.039976,-106.608925
ABR,45.449100,-98.421799
ABS,22.375924,31.611734
ABT,20.298506,41.636153
ABU,-9.074841,124.903285
ABV,9.006790,7.263170
ABX,-36.066758,146.959148
ABY,31.532946,-84.196215
ABZ,57.201900,-2.197780
ACA,16.757126,-99.753113
ACC,5.605190,-0.166786
ACE,28.945499,-13.605200
ACF,40.434748,81.262060
ACH,47.485001,9.560770
ACI,49.706104,-2.214720
ACK,41.253101,-70.060204
ACT,31.611300,-97.230499
ACV,40.978101,-124.109000
ACX,25.083423,104.960804
ACY,39.456201,-74.577511
ADB,38.292400,27.157000
ADD,8.977890,38.799301
ADE,12.829564,45.029976
ADF,37.731400,38.468899
ADJ,31.972700,35.991600
ADK,51.883564,-176.642783
ADL,-34.947512,138.533393
ADQ,57.750000,-152.494003
ADU,38.325699,48.424400
ADZ,12.583600,-81.711200
AEB,23.720600,106.959999
AEP,-34.559419,-58.415536
AER,43.449902,39.956600
AES,62.560443,6.110845
AET,66.551804,-152.621994
AEU,25.875700,55.033001
AEX,31.325828,-92.546702
AEY,65.656573,-18.072018
AFA,-34.588299,-68.403900
AFL,-9.866389,-56.106298
AFZ,36.168098,57.595200
AGA,30.322478,-9.412003
AGE,53.782544,7.919584
AGGA,-8.702570,160.682007
AGGB,-11.302222,159.798333
AGGC,-6.711944,156.396111
AGGE,-6.990745,155.886656
AGGF,-8.107500,159.576996
AGGH,-9.428000,160.054993
AGGK,-10.449700,161.897995
AGGL,-10.720300,165.794998
AGGM,-8.327970,157.263000
AGGN,-8.097780,156.863998
AGGO,-7.416940,155.565002
AGGR,-11.550000,160.062778
AGGT,-10.847994,162.454108
AGGU,-9.861670,160.824997
AGGV,-7.585560,158.731003
AGGY,-9.092816,159.218410
AGH,56.296101,12.847100
AGI,5.841252,-56.673247
AGJ,26.592755,127.240335
AGKG,-7.330500,157.585000
AGM,65.612296,-37.618335
AGN,57.497097,-134.567220
AGOB,-8.325008,160.800510
AGOK,-8.738358,158.202836
AGP,36.674900,-4.499110
AGR,27.157975,77.961025
AGRM,-8.168060,157.643005
AGS,33.369900,-81.964500
AGT,-25.457186,-54.839544
AGU,21.699589,-102.318372
AGX,10.823700,72.176003
AHA,22.987530,83.196120
AHB,18.240400,42.656601
AHE,-14.428100,-146.257004
AHO,40.632099,8.290770
AHU,35.177101,-3.839520
AIA,42.052543,-102.803965
AIN,70.638000,-159.994995
AIP,31.433800,75.758797
AIT,-18.830900,-159.764008
AIU,-19.967800,-158.119003
AJA,41.923599,8.802920
AJF,29.783301,40.100905
AJI,39.655642,43.025742
AJL,23.840599,92.619698
AJN,-12.131047,44.430044
AJR,65.590302,19.281900
AJU,-10.983940,-37.072873
AKA,32.756960,108.873380
AKB,52.220299,-174.205994
AKF,24.178699,23.313999
AKI,60.902646,-161.231060
AKJ,43.670799,142.447006
AKK,56.938702,-154.182999
AKL,-37.011990,174.786331
AKN,58.677845,-156.651965
AKP,68.133598,-151.742996
AKR,7.246740,5.301010
AKS,-8.702570,160.682007
AKU,41.262501,80.291702
AKV,60.818600,-78.148598
AKX,50.248116,57.204144
AKY,20.133165,92.870693
ALA,43.354267,77.042828
ALB,42.748299,-73.801697
ALC,38.282200,-0.558156
ALF,69.976097,23.371700
ALG,36.693886,3.214531
ALH,-34.943333,117.808889
ALO,42.557098,-92.400299
ALP,36.181262,37.226869
ALS,37.434898,-105.866997
ALW,46.094898,-118.288002
ALZ,56.897294,-154.249692
AMA,35.217857,-101.706444
AMD,23.077200,72.634697
AMH,6.039390,37.590500
AMM,31.722601,35.993198
AMQ,-3.710260,128.089005
AMS,52.308601,4.763890
AMV,69.763712,61.556711
ANC,61.179004,-149.992561
ANF,-23.445274,-70.445232
ANI,61.581600,-159.542999
ANR,51.190667,4.463153
ANS,-13.706400,-73.350403
ANU,17.136700,-61.792702
ANV,62.646702,-160.190994
ANX,69.295193,16.139379
ANYN,-0.547893,166.919525
AOE,39.811644,30.519268
AOG,41.105301,122.853996
AOI,43.616299,13.362300
AOJ,40.733777,140.689477
AOK,35.421398,27.146000
AOO,40.296398,-78.320000
AOQ,72.887030,-55.596287
AOR,6.189670,100.398003
AOS,57.471500,-153.815002
APK,-15.573600,-146.414993
APL,-15.105600,39.281799
APN,45.078098,-83.560303
APO,7.811960,-76.716400
APW,-13.830000,-172.007996
AQA,-21.812000,-48.132999
AQG,30.582199,117.050003
AQI,28.335726,46.127108
AQJ,29.611601,35.018101
AQP,-16.340786,-71.569485
ARC,68.114700,-145.578995
ARD,-8.132340,124.597000
ARH,64.600304,40.716702
ARI,-18.348499,-70.338699
ARK,-3.367790,36.633301
ARM,-30.528099,151.617004
ARN,59.648490,17.928829
ART,43.991901,-76.021698
ARU,-21.141479,-50.424575
ARW,46.176136,21.264322
ASB,37.986801,58.361000
ASD,24.697901,-77.795601
ASE,39.223202,-106.869003
ASF,46.282843,48.010511
ASI,-7.970179,-14.392744
ASJ,28.430599,129.712997
ASM,15.291900,38.910702
ASO,10.018500,34.586300
ASP,-23.806588,133.903427
ASR,38.770401,35.495399
ASU,-25.240156,-57.519227
ASV,-2.644786,37.252922
ASW,23.961075,32.820382
ATC,24.629400,-75.673797
ATH,37.936401,23.944500
ATK,70.467040,-157.436013
ATL,33.636700,-84.428101
ATM,-3.253144,-52.253938
ATQ,31.709600,74.797302
ATT,60.866699,-162.272996
ATW,44.258515,-88.519000
ATY,44.914001,-97.154701
ATZ,27.045962,31.012760
AUA,12.501056,-70.014281
AUC,7.068880,-70.736900
AUG,44.320599,-69.797302
AUH,24.440966,54.649237
AUK,62.682653,-164.722481
AUL,8.145280,171.173004
AUQ,-9.768790,-139.011002
AUR,44.891399,2.421940
AUS,30.197535,-97.662015
AUU,-13.354019,141.720028
AUX,-7.227870,-48.240501
AVA,26.260556,105.873333
AVK,46.250301,102.802002
AVL,35.435488,-82.541853
AVN,43.907299,4.901830
AVP,41.337064,-75.724232
AVR,20.814608,77.717765
AVV,-38.040269,144.467196
AWA,7.100611,38.396455
AWK,19.282437,166.636637
AWZ,31.336400,48.763789
AXA,18.204773,-63.053830
AXD,40.855900,25.956301
AXF,38.748317,105.584160
AXJ,32.482498,130.158997
AXM,4.452780,-75.766400
AXP,22.441799,-73.970901
AXR,-15.248300,-146.617004
AXT,39.615601,140.218994
AXU,14.146800,38.772800
AYBA,-7.496955,144.821756
AYBK,-5.422299,154.672698
AYBM,-8.050000,142.932999
AYCH,-6.024290,144.970993
AYDU,-9.086760,143.207993
AYET,-7.237257,141.106322
AYGA,-6.081690,145.391998
AYGN,-10.311500,150.334000
AYGR,-8.804540,148.309006
AYGT,-6.271110,150.330994
AYHK,-5.463846,150.407327
AYIQ,-6.305727,155.728249
AYJ,26.747736,82.163664
AYKA,-8.505820,151.080994
AYKI,-6.125710,141.281998
AYKK,-7.424380,144.250076
AYKM,-7.963610,145.770996
AYKV,-2.579400,150.807999
AYKY,-3.043610,152.628998
AYLM,-7.009920,141.494003
AYMD,-5.207080,145.789001
AYMH,-5.828212,144.299412
AYMN,-6.147740,143.656998
AYMO,-2.061890,147.423996
AYMR,-6.363330,143.238007
AYMS,-10.689200,152.837997
AYNZ,-6.567995,146.726544
AYOB,-7.590622,141.324263
AYP,-13.154800,-74.204399
AYPY,-9.443380,147.220001
AYQ,-25.185913,130.977030
AYSS,-7.621700,142.868000
AYT,36.898701,30.800501
AYTA,-5.845000,142.947998
AYTB,-5.280471,141.227576
AYTI,-8.356667,146.989167
AYTK,-4.340460,152.380005
AYTU,-9.075954,149.319839
AYVN,-2.692600,141.302800
AYWD,-5.635293,143.892231
AYWK,-3.583830,143.669006
AZA,33.307800,-111.654999
AZD,31.904900,54.276501
AZN,40.727699,72.293999
AZO,42.232105,-85.549637
AZR,27.837601,-0.186414
AZS,19.269259,-69.737405
BAH,26.267295,50.637640
BAL,37.929001,41.116600
BAQ,10.889600,-74.780800
BAR,19.140951,110.452766
BAS,-6.990745,155.886656
BAV,40.560001,109.997002
BAX,53.361285,83.539701
BAY,47.658444,23.464445
BAZ,-0.981191,-62.918603
BBA,-45.915968,-71.689499
BBG,3.085830,172.811005
BBI,20.251021,85.814747
BBK,-17.831653,25.166195
BBM,13.095600,103.223999
BBN,3.734648,115.478548
BBO,10.385035,44.936723
BBQ,17.621194,-61.798347
BBR,16.013648,-61.742928
BBU,44.503133,26.102944
BCA,20.365299,-74.506203
BCD,10.776237,123.018879
BCH,-8.486479,126.399981
BCI,-23.566268,145.302086
BCM,46.521900,26.910299
BCN,41.297100,2.078460
BCO,5.749655,36.560165
BCU,10.482833,9.744000
BDA,32.363802,-64.678240
BDB,-24.905039,152.322612
BDD,-10.149550,142.173665
BDH,26.532283,54.824840
BDJ,-3.440112,114.761209
BDL,41.938555,-72.688016
BDO,-6.900630,107.575996
BDP,26.570801,88.079597
BDQ,22.336201,73.226303
BDS,40.657600,17.947001
BDT,4.252745,20.975271
BDU,69.055801,18.540400
BEB,57.481098,-7.362780
BED,42.470001,-71.289001
BEF,11.991000,-83.774101
BEG,44.818401,20.309099
BEJ,2.147760,117.430705
BEK,28.422100,79.450798
BEL,-1.379279,-48.476207
BEM,32.401895,-6.315905
BEN,32.096802,20.269501
BER,52.361738,13.502341
BES,48.447899,-4.418540
BET,60.779800,-161.837997
BEU,-24.346100,139.460007
BEW,-19.796400,34.907600
BEY,33.819833,35.487443
BFD,41.803101,-78.640099
BFF,41.874001,-103.596001
BFI,47.527042,-122.299950
BFJ,27.267066,105.472097
BFL,35.433601,-119.056999
BFN,-29.092699,26.302401
BFQ,7.587370,-78.179939
BFS,54.657501,-6.215830
BFV,15.229500,103.252998
BFY,33.166292,117.058344
BGA,7.126500,-73.184800
BGAA,68.721802,-52.784698
BGBW,61.159580,-45.424690
BGC,41.857800,-6.707130
BGCH,68.822816,-51.173447
BGCO,70.743103,-22.650499
BGF,4.398480,18.518801
BGG,38.860131,40.594489
BGGH,64.191066,-51.679140
BGI,13.074667,-59.491034
BGIG,68.145830,-53.169160
BGJN,69.243202,-51.057098
BGK,16.519369,-88.407913
BGKK,65.573601,-37.123600
BGM,42.208698,-75.979797
BGMQ,65.412498,-52.939400
BGO,60.293400,5.218140
BGPT,62.014736,-49.670937
BGQO,60.763830,-46.065001
BGQQ,77.488602,-69.388702
BGR,44.806364,-68.826668
BGSF,67.010446,-50.715294
BGSG,65.905920,-36.378254
BGSI,77.786517,-70.638657
BGSO,60.537778,-46.024722
BGSQ,70.011448,-51.932142
BGSS,66.951302,-53.729301
BGST,70.811172,-51.631290
BGSV,76.018613,-65.117683
BGTA,73.373055,-56.060280
BGTN,65.892027,-37.783409
BGTQ,60.194305,-44.813447
BGUK,72.790199,-56.130600
BGUM,70.680428,-52.111630
BGUQ,70.734200,-52.696201
BGUT,71.049438,-51.890016
BGW,33.262501,44.234600
BGY,45.669362,9.708851
BHB,44.450001,-68.361504
BHD,54.618099,-5.872500
BHE,-41.518299,173.869995
BHH,19.984400,42.620899
BHI,-38.725000,-62.169300
BHJ,23.287800,69.670197
BHK,39.775319,64.482279
BHM,33.562877,-86.750712
BHO,23.287500,77.337402
BHQ,-32.001400,141.472000
BHR,27.678101,84.429398
BHS,-33.406817,149.651161
BHU,21.752199,72.185204
BHV,29.348101,71.718002
BHX,52.453899,-1.748030
BHY,21.538659,109.293683
BIA,42.552700,9.483730
BIAR,65.656573,-18.072018
BID,41.168446,-71.578631
BIEG,65.283302,-14.401400
BIGR,66.545800,-18.017300
BIH,37.373100,-118.363998
BIHN,64.295601,-15.227200
BIIS,66.058098,-23.135300
BIK,-1.190020,136.108002
BIKF,63.985001,-22.605600
BIL,45.808932,-108.541242
BIM,25.699900,-79.264702
BIO,43.301102,-2.910610
BIQ,43.468372,-1.523223
BIR,26.481501,87.264000
BIRK,64.128732,-21.937590
BIS,46.772734,-100.746874
BITN,66.218459,-15.334739
BIVO,65.720596,-14.850600
BJA,36.712547,5.069909
BJB,37.493000,57.308201
BJC,39.908798,-105.116997
BJF,70.600250,29.692612
BJL,13.338000,-16.652201
BJM,-3.324020,29.318501
BJR,11.608100,37.321602
BJT,6.431000,79.996000
BJV,37.249314,27.664010
BJX,20.992695,-101.480284
BJZ,38.891300,-6.821330
BKC,65.981598,-161.149002
BKF,58.554798,-155.776993
BKG,36.532082,-93.200544
BKI,5.932743,116.049324
BKK,13.681100,100.747002
BKM,3.974000,115.617996
BKN,39.681052,54.206008
BKO,12.533500,-7.949940
BKPR,42.572800,21.035801
BKQ,-24.431678,145.429716
BKS,-3.863700,102.338997
BKW,37.787300,-81.124199
BKZ,-1.332000,31.821200
BLA,10.111111,-64.692222
BLB,8.914790,-79.599602
BLD,35.947161,-114.858799
BLE,60.422001,15.515200
BLI,48.792801,-122.538002
BLJ,35.752102,6.308590
BLL,55.740335,9.157019
BLQ,44.535400,11.288700
BLR,13.197900,77.706299
BLV,38.545200,-89.835197
BLW,4.766976,45.238800
BLZ,-15.677189,34.972319
BMA,59.354401,17.941700
BME,-17.949194,122.228300
BMI,40.477100,-88.915901
BMK,53.596390,6.709167
BMO,24.270440,97.247600
BMR,53.724850,7.373257
BMU,-8.537184,118.685002
BMV,12.668300,108.120003
BMW,21.377800,0.926980
BMY,-19.720521,163.661077
BNA,36.124500,-86.678200
BNB,-0.286652,20.883551
BND,27.218300,56.377800
BNE,-27.384199,153.117004
BNI,6.316980,5.599500
BNK,-28.833236,153.561471
BNN,65.461098,12.217500
BNS,8.615000,-70.214167
BNX,44.941399,17.297501
BNY,-11.302222,159.798333
BOB,-16.444401,-151.751007
BOC,9.340850,-82.250801
BOD,44.828650,-0.715356
BOG,4.701590,-74.146900
BOH,50.780483,-1.839576
BOI,43.564400,-116.223000
BOJ,42.569917,27.515173
BOM,19.088699,72.867897
BON,12.131000,-68.268501
BOO,67.269203,14.365300
BOR,20.323986,100.165392
BOS,42.361970,-71.007900
BOT,-7.237257,141.106322
BOY,11.160100,-4.330970
BPE,39.666384,119.061384
BPL,44.895461,82.300070
BPN,-1.268342,116.894520
BPS,-16.438426,-39.080584
BPT,29.950800,-94.020699
BPX,30.553600,97.108299
BPY,-16.744530,44.482484
BQB,-33.687222,115.400278
BQG,52.381041,140.449378
BQJ,67.648003,134.695007
BQK,31.258801,-81.466499
BQL,-22.913300,139.899994
BQN,18.494900,-67.129402
BQS,50.426723,127.415502
BQT,52.108138,23.896760
BQU,12.988400,-61.262001
BRA,-12.078900,-45.008999
BRC,-41.151199,-71.157501
BRD,46.402861,-94.129727
BRE,53.046786,8.789320
BRI,41.138901,16.760599
BRK,-30.039200,145.951996
BRL,40.783199,-91.125504
BRM,10.042747,-69.358620
BRN,46.912736,7.498819
BRO,25.907238,-97.425235
BRQ,49.151276,16.693972
BRR,57.022800,-7.443060
BRS,51.382326,-2.716453
BRU,50.901402,4.484440
BRW,71.285402,-156.766008
BRX,18.251499,-71.120399
BSA,11.275235,49.139231
BSB,-15.869167,-47.920834
BSC,6.202920,-77.394700
BSD,25.053301,99.168297
BSG,1.905470,9.805680
BSK,34.793180,5.738899
BSL,47.600680,7.521117
BSO,20.451300,121.980003
BSR,30.549101,47.662102
BSX,16.815201,94.779900
BSZ,43.061298,74.477600
BTC,7.705073,81.677163
BTH,1.121030,104.119003
BTI,70.134003,-143.582001
BTJ,5.525087,95.419970
BTK,56.369600,101.701822
BTM,45.954800,-112.497002
BTR,30.533199,-91.149597
BTS,48.170200,17.212700
BTT,66.913902,-151.529007
BTU,3.123850,113.019997
BTV,44.471901,-73.153297
BTW,-3.412410,115.995003
BUA,-5.422299,154.672698
BUC,-17.748600,139.533997
BUD,47.430180,19.262393
BUF,42.940498,-78.732201
BUI,-3.684550,138.677437
BUN,3.819630,-76.989800
BUQ,-20.016284,28.622897
BUR,34.202834,-118.358050
BUS,41.609390,41.600315
BUT,27.562200,90.747100
BUU,-1.541635,102.181613
BUX,1.565743,30.220685
BUZ,28.944799,50.834599
BVA,49.454399,2.112780
BVB,2.846150,-60.690648
BVC,16.136499,-22.888901
BVE,45.039722,1.485556
BVG,70.871517,29.034097
BVH,-12.694400,-60.098301
BVI,-25.897499,139.348007
BVJ,70.315278,68.333611
BVS,-1.636530,-50.443600
BWA,27.504636,83.410381
BWI,39.175400,-76.668297
BWK,43.284454,16.678362
BWN,4.944200,114.928001
BWO,51.858299,47.745602
BWT,-40.997039,145.726000
BWX,-8.310150,114.340100
BXG,-36.739399,144.330002
BXH,46.894246,75.004533
BXR,29.084200,58.450001
BXT,0.121656,117.476558
BXU,8.951500,125.478800
BXY,45.621994,63.210773
BYK,7.738800,-5.073670
BYM,20.396400,-76.621399
BYN,46.163300,100.704002
BYO,-21.247300,-56.452399
BYR,57.277199,11.000100
BYW,48.579162,-122.823844
BZE,17.539951,-88.303556
BZG,53.096802,17.977699
BZI,39.619301,27.926001
BZL,22.801001,90.301201
BZN,45.778853,-111.153711
BZO,46.459245,11.326125
BZR,43.323502,3.353900
BZV,-4.251700,15.253000
BZX,31.738420,106.644872
CAB,-5.598390,12.188145
CAC,-25.000323,-53.501208
CAE,33.938172,-81.123022
CAF,-4.871473,-66.897552
CAG,39.251499,9.054280
CAH,9.177667,105.177778
CAI,30.111534,31.396694
CAJ,6.231989,-62.854850
CAK,40.916100,-81.442200
CAL,55.437199,-5.686390
CAN,23.392401,113.299004
CAP,19.725547,-72.200710
CAT,38.724998,-9.355230
CAU,-8.282390,-36.013500
CAW,-21.698299,-41.301701
CAY,4.819964,-52.361326
CAZ,-31.538300,145.794006
CBB,-17.421105,-66.177102
CBBC,52.185001,-128.156994
CBH,31.645700,-2.269860
CBO,7.164753,124.209938
CBQ,4.976020,8.347200
CBR,-35.306900,149.195007
CBT,-12.479200,13.486900
CCA,-16.976834,-65.145568
CCC,22.461000,-78.328400
CCE,30.064650,31.839974
CCF,43.216000,2.306320
CCJ,11.135996,75.955152
CCK,-12.192218,96.834103
CCP,-36.772350,-73.062828
CCR,37.989700,-122.056999
CCS,10.602214,-66.991174
CCU,22.654012,88.447650
CCV,-16.264999,167.923996
CCZ,25.417101,-77.880898
CDB,55.207871,-162.725029
CDC,37.701000,-113.098999
CDE,41.122500,118.073889
CDG,49.008960,2.554117
CDP,14.513154,78.769183
CDR,42.837601,-103.095001
CDT,40.213889,0.073333
CDV,60.491798,-145.477997
CEB,10.309261,123.979740
CEC,41.778929,-124.236403
CED,-32.130600,133.710007
CEE,59.273602,38.015800
CEI,19.952299,99.882896
CEK,55.303141,61.504927
CEL,-29.370091,-50.831729
CEM,65.573815,-144.780707
CEN,27.392599,-109.833000
CEZ,37.303001,-108.627998
CFB,-22.921485,-42.071874
CFE,45.786701,3.169170
CFG,22.150000,-80.414200
CFK,36.216614,1.341114
CFN,55.044201,-8.341000
CFR,49.176780,-0.454883
CFS,-30.320601,153.115997
CFU,39.601450,19.912179
CGA,55.478802,-133.147995
CGB,-15.652900,-56.116699
CGD,28.918900,111.639999
CGH,-23.627657,-46.654601
CGI,37.225300,-89.570801
CGK,-6.125570,106.655998
CGM,9.253894,124.709115
CGN,50.865898,7.142740
CGO,34.526497,113.849165
CGP,22.249599,91.813301
CGQ,43.996201,125.684998
CGR,-20.469998,-54.673988
CGY,8.612203,124.456496
CHA,35.035301,-85.203796
CHC,-43.489029,172.532065
CHE,59.448015,24.753313
CHG,41.538101,120.434998
CHH,-6.201911,-77.856195
CHM,-9.149610,-78.523804
CHO,38.138599,-78.452904
CHQ,35.531207,24.150673
CHS,32.896159,-80.038151
CHT,-43.811890,-176.465140
CHU,61.579102,-159.216003
CHX,9.458962,-82.515062
CHY,-6.711944,156.396111
CIA,41.798769,12.595331
CID,41.884701,-91.710800
CIF,42.159723,118.840971
CIH,36.247501,113.125999
CIJ,-11.039109,-68.782774
CIK,66.644997,-143.740005
CIT,42.365021,69.475640
CIU,46.242038,-84.462082
CIW,12.699000,-61.342400
CIX,-6.789223,-79.828254
CIY,36.995830,14.608890
CJA,-7.139180,-78.489403
CJB,11.030000,77.043404
CJC,-22.498199,-68.903603
CJJ,36.715560,127.500289
CJL,35.886213,71.799922
CJM,10.711200,99.361702
CJN,-7.719895,108.488995
CJS,31.636673,-106.428533
CJU,33.512058,126.492548
CJZ,-6.882700,-38.615830
CKB,39.296600,-80.228104
CKD,61.870315,-158.137636
CKG,29.712254,106.651895
CKH,70.623100,147.901993
CKS,-6.117841,-50.003372
CKW,-22.354302,119.642603
CKX,64.066495,-141.951342
CKY,9.576890,-13.612000
CKZ,40.137699,26.426800
CLD,33.128300,-117.279999
CLE,41.411701,-81.849800
CLJ,46.786042,23.685733
CLL,30.588600,-96.363800
CLO,3.542717,-76.381898
CLP,58.833698,-158.529007
CLQ,19.277000,-103.577002
CLT,35.214001,-80.943100
CLV,-17.725096,-48.606324
CLY,42.530422,8.792984
CMA,-28.030001,145.621994
CMB,7.180760,79.884102
CME,18.651516,-91.799355
CMF,45.638100,5.880230
CMG,-19.011930,-57.672772
CMH,39.998001,-82.891899
CMI,40.039819,-88.276249
CMN,33.367500,-7.589970
CMU,-6.024290,144.970993
CMW,21.419909,-77.848039
CMX,47.168400,-88.489098
CNB,-30.980946,148.377833
CNC,-10.050139,143.070007
CND,44.362202,28.488300
CNF,-19.635710,-43.966928
CNI,39.266441,122.666960
CNJ,-20.668600,140.503998
CNM,32.337502,-104.263000
CNN,11.916343,75.544979
CNP,70.743103,-22.650499
CNQ,-27.445500,-58.761900
CNS,-16.878921,145.749480
CNX,18.766800,98.962601
CNY,38.755001,-109.754997
COD,44.520199,-109.024002
COK,10.151047,76.400838
COL,56.601898,-6.617780
COO,6.357230,2.384350
COQ,48.135381,114.647231
COR,-31.312346,-64.208329
COS,38.805801,-104.700996
COU,38.818100,-92.219597
COV,36.891478,35.071235
CPC,-40.075401,-71.137299
CPD,-29.038312,134.722166
CPE,19.815969,-90.500125
CPH,55.617901,12.656000
CPO,-27.261200,-70.779198
CPR,42.907381,-106.461609
CPT,-33.974030,18.604333
CPV,-7.269662,-35.896057
CPX,18.312954,-65.303893
CQW,29.465658,107.693664
CRA,44.318100,23.888599
CRD,-45.786941,-67.463355
CRI,22.745600,-74.182404
CRK,15.186000,120.559998
CRL,50.461963,4.459562
CRM,12.501610,124.635258
CRP,27.770399,-97.501198
CRU,12.476100,-61.472801
CRV,38.997200,17.080200
CRW,38.373100,-81.593201
CRZ,38.930662,63.563982
CSA,56.057499,-6.243060
CSG,32.516415,-84.939602
CSH,65.029996,35.730558
CSK,12.395330,-16.748000
CSW,22.949072,-109.939479
CSX,28.189199,113.220001
CSY,56.090302,47.347301
CTA,37.466801,15.066400
CTC,-28.593117,-65.751200
CTD,7.987840,-80.409837
CTG,10.442400,-75.513000
CTL,-26.413300,146.261993
CTM,18.504985,-88.328018
CTN,-15.443649,145.183221
CTS,42.774753,141.690414
CTU,30.558257,103.945966
CUA,25.053801,-111.614998
CUC,7.927570,-72.511500
CUE,-2.889470,-78.984398
CUF,44.547458,7.623045
CUK,17.735015,-88.032862
CUL,24.765040,-107.475228
CUM,10.450333,-64.130470
CUN,21.040817,-86.873470
CUP,10.660014,-63.261681
CUQ,-13.761133,143.113311
CUR,12.188900,-68.959801
CUU,28.702649,-105.963764
CUZ,-13.535700,-71.938797
CVG,39.048801,-84.667801
CVM,23.703300,-98.956497
CVN,34.426594,-103.078794
CVQ,-24.884337,113.666393
CVU,39.671501,-31.113600
CWA,44.777448,-89.670238
CWB,-25.528500,-49.175800
CWJ,23.276331,99.373169
CWL,51.396702,-3.343330
CWS,48.490046,-122.831612
CXB,21.457517,91.963263
CXH,49.290739,-123.118541
CXI,1.986278,-157.350011
CXJ,-29.197183,-51.187647
CXP,-7.645060,109.033997
CXR,11.998200,109.219002
CYA,18.271099,-73.788300
CYAB,73.006101,-85.046160
CYAC,51.727200,-91.824402
CYAG,48.655749,-93.443490
CYAL,50.582199,-126.916000
CYAM,46.483216,-84.508467
CYAQ,53.524700,-88.642799
CYAS,60.027199,-69.999199
CYAT,52.927502,-82.431900
CYAV,50.056400,-97.032501
CYAY,51.391909,-56.083210
CYAZ,49.079833,-125.775583
CYB,19.687000,-79.882797
CYBB,68.535711,-89.805508
CYBC,49.132500,-68.204399
CYBD,52.387501,-126.596001
CYBE,59.561401,-108.481003
CYBF,54.304199,-110.744003
CYBG,48.330123,-70.992012
CYBK,64.298897,-96.077797
CYBL,49.950802,-125.271004
CYBQ,58.706308,-98.511057
CYBR,49.910000,-99.951897
CYBT,57.889400,-101.679001
CYBV,52.358898,-97.018303
CYBX,51.443600,-57.185299
CYC,17.683792,-88.044985
CYCA,53.682501,-57.042303
CYCB,69.108101,-105.138000
CYCD,49.054970,-123.869863
CYCG,49.296398,-117.632004
CYCO,67.816408,-115.143070
CYCR,54.609758,-97.762442
CYCS,63.346901,-90.731102
CYCY,70.486099,-68.516701
CYDA,64.043098,-139.128006
CYDF,49.208159,-57.396147
CYDL,58.422199,-130.031998
CYDN,51.100800,-100.052002
CYDP,56.550778,-61.682224
CYEG,53.309700,-113.580002
CYEK,61.094200,-94.070801
CYER,56.018902,-87.676102
CYEV,68.304199,-133.483002
CYF,60.136667,-164.279167
CYFA,52.203451,-81.695194
CYFB,63.756402,-68.555801
CYFC,45.868697,-66.529891
CYFH,51.561901,-87.907799
CYFO,54.678101,-101.681999
CYFS,61.760201,-121.237000
CYFT,55.077335,-59.187942
CYGH,66.240658,-128.647757
CYGL,53.625301,-77.704201
CYGO,54.557680,-94.490061
CYGP,48.774915,-64.481893
CYGR,47.425242,-61.778612
CYGT,69.364700,-81.816101
CYGV,50.281898,-63.611401
CYGW,55.281898,-77.765297
CYGX,56.357120,-94.711504
CYGZ,76.425823,-82.908583
CYHA,61.046398,-69.617798
CYHC,49.290739,-123.118541
CYHH,51.691101,-76.135597
CYHI,70.762802,-117.806000
CYHK,68.635597,-95.849701
CYHM,43.171308,-79.929416
CYHO,55.448757,-60.228124
CYHP,52.113300,-94.255600
CYHR,50.468322,-59.637823
CYHU,45.517502,-73.416901
CYHY,60.839699,-115.782997
CYHZ,44.880798,-63.508598
CYI,23.462577,120.390544
CYIF,51.211700,-58.658298
CYIK,62.417301,-77.925301
CYIO,72.689494,-77.968941
CYIV,53.857201,-94.653603
CYKA,50.703038,-120.448641
CYKD,68.223297,-135.005990
CYKF,43.460800,-80.378601
CYKG,61.588600,-71.929398
CYKL,54.805302,-66.805298
CYKO,60.818600,-78.148598
CYKP,51.658600,-85.901703
CYKQ,51.473301,-78.758301
CYLA,59.296700,-69.599701
CYLC,62.848253,-69.877853
CYLH,52.195599,-87.934196
CYLK,62.417823,-110.682793
CYLL,53.309200,-110.072998
CYLS,44.485056,-79.554663
CYLU,58.711399,-65.992798
CYLW,49.956100,-119.377998
CYM,57.514900,-134.945999
CYMH,52.302837,-55.847433
CYMM,56.653301,-111.222000
CYMO,51.291100,-80.607803
CYMT,49.771900,-74.528099
CYMU,56.536098,-76.518303
CYMX,45.679501,-74.038696
CYNA,50.190114,-61.788980
CYNC,53.010601,-78.831100
CYND,45.521702,-75.563599
CYNE,53.958302,-97.844200
CYNL,58.276699,-104.082001
CYO,21.616501,-81.545998
CYOC,67.570602,-139.839005
CYOH,54.933300,-95.278900
CYOJ,58.621399,-117.165001
CYOW,45.322498,-75.669197
CYP,12.072574,124.545080
CYPA,53.214199,-105.672997
CYPC,69.360838,-124.075470
CYPE,56.226898,-117.446999
CYPH,58.471901,-78.076897
CYPK,49.214880,-122.709294
CYPL,51.446400,-90.214203
CYPM,51.819698,-93.973297
CYPN,49.836399,-64.288597
CYPO,54.987932,-85.442648
CYPQ,44.232251,-78.362053
CYPR,54.286098,-130.445007
CYPT,41.778033,-82.674222
CYPW,49.834202,-124.500000
CYPX,60.050598,-77.286903
CYPY,58.767200,-111.116997
CYPZ,54.376400,-125.950996
CYQA,44.975376,-79.306546
CYQB,46.791100,-71.393303
CYQD,53.971401,-101.091003
CYQG,42.275600,-82.955597
CYQH,60.116839,-128.821993
CYQK,49.788300,-94.363098
CYQL,49.630299,-112.800003
CYQM,46.113189,-64.677190
CYQN,50.182800,-86.696404
CYQQ,49.710800,-124.887001
CYQR,50.431938,-104.660906
CYQT,48.371899,-89.323898
CYQU,55.179699,-118.885002
CYQX,48.936258,-54.567719
CYQY,46.161072,-60.049759
CYQZ,53.026100,-122.510002
CYRA,64.116096,-117.309998
CYRB,74.716904,-94.969398
CYRJ,48.519665,-72.265735
CYRL,51.066898,-93.793098
CYRO,45.460496,-75.644001
CYRS,54.167198,-93.557198
CYRT,62.811401,-92.115799
CYS,41.155701,-104.811997
CYSB,46.625000,-80.798897
CYSF,59.250301,-105.841003
CYSJ,45.316101,-65.890297
CYSK,56.536891,-79.250221
CYSM,60.020302,-111.961998
CYSN,43.191598,-79.171686
CYST,53.845261,-94.851966
CYSY,71.993896,-125.242996
CYT,60.080974,-142.494541
CYTE,64.230003,-76.526703
CYTH,55.801102,-97.864197
CYTL,53.817799,-89.896896
CYTQ,58.667801,-69.955803
CYTS,48.569698,-81.376701
CYTZ,43.627852,-79.395530
CYU,10.858100,121.069000
CYUL,45.467837,-73.742294
CYUT,66.521024,-86.225166
CYUX,68.776100,-81.242500
CYUY,48.206100,-78.835602
CYVB,48.071098,-65.460297
CYVC,55.151402,-105.262001
CYVL,67.020150,-126.128364
CYVM,67.546560,-64.031410
CYVO,48.053299,-77.782799
CYVP,58.096100,-68.426903
CYVQ,65.281601,-126.797997
CYVR,49.193901,-123.183998
CYVV,44.745800,-81.107201
CYVZ,52.655613,-94.061208
CYWE,64.190804,-114.077002
CYWG,49.910000,-97.239899
CYWH,48.423782,-123.371980
CYWJ,65.211098,-123.435997
CYWK,52.921902,-66.864403
CYWL,52.183102,-122.054001
CYWP,52.959393,-87.374868
CYX,68.740601,161.337997
CYXC,49.610802,-115.781998
CYXE,52.170723,-106.700793
CYXH,50.018902,-110.721001
CYXJ,56.238098,-120.739998
CYXL,50.113899,-91.905296
CYXN,62.240002,-92.598099
CYXP,66.144878,-65.713606
CYXS,53.884311,-122.666554
CYXT,54.468498,-128.576009
CYXU,43.032845,-81.149003
CYXX,49.025299,-122.361000
CYXY,60.708533,-135.065705
CYYB,46.363602,-79.422798
CYYC,51.118822,-114.009933
CYYD,54.824699,-127.182999
CYYE,58.836399,-122.597000
CYYF,49.463100,-119.601997
CYYG,46.288911,-63.125174
CYYH,69.546700,-93.576698
CYYJ,48.647201,-123.427792
CYYL,56.863899,-101.075996
CYYQ,58.739201,-94.065002
CYYR,53.319199,-60.425800
CYYT,47.618599,-52.751900
CYYY,48.608601,-68.208099
CYYZ,43.675935,-79.629421
CYZ,16.929899,121.752998
CYZF,62.462799,-114.440002
CYZG,62.179401,-75.667198
CYZP,53.254299,-131.813995
CYZS,64.193298,-83.359398
CYZT,50.680599,-127.366997
CYZU,54.143902,-115.787003
CYZV,50.223301,-66.265602
CZBD,56.051622,-95.618820
CZBF,47.629700,-65.738899
CZE,11.414944,-69.680901
CZEM,52.226398,-78.522499
CZFD,59.334400,-107.181999
CZFG,55.749199,-101.265999
CZFM,67.406993,-134.860182
CZFN,64.909496,-125.570297
CZGI,54.839699,-94.078598
CZH,18.382200,-88.411903
CZKE,52.282501,-81.677803
CZL,36.276001,6.620390
CZM,20.514922,-86.928538
CZMD,53.441399,-91.762802
CZMT,54.027500,-132.125000
CZPB,53.890885,-92.195935
CZRJ,52.943600,-91.312798
CZS,-7.599910,-72.769501
CZSJ,53.064201,-93.344398
CZSN,56.792801,-98.907204
CZTA,51.784568,-96.692305
CZTM,55.863560,-92.081137
CZU,9.332740,-75.285600
CZUM,53.561901,-64.106400
CZWH,58.614279,-101.468954
CZWL,58.106899,-103.171997
CZX,31.920485,119.775460
DAAE,36.712547,5.069909
DAAG,36.693886,3.214531
DAAJ,24.285448,9.463652
DAAP,26.723499,8.622650
DAAS,36.178488,5.329909
DAAT,22.810992,5.450832
DAAV,36.794125,5.873652
DAAY,33.535900,-0.242353
DAB,29.182550,-81.059464
DABB,36.826781,7.813340
DABC,36.276001,6.620390
DABS,35.431599,8.120720
DABT,35.752102,6.308590
DAC,23.843347,90.397783
DAD,16.043900,108.198997
DAL,32.844776,-96.847653
DAM,33.411499,36.515598
DAOF,27.700399,-8.167100
DAOI,36.216614,1.341114
DAON,35.012732,-1.457117
DAOO,35.620648,-0.622486
DAOR,31.645700,-2.269860
DAOY,33.721667,1.092500
DAR,-6.873499,39.207288
DAT,40.061390,113.480509
DATM,21.377800,0.926980
DAU,-9.086760,143.207993
DAUA,27.837601,-0.186414
DAUB,34.793180,5.738899
DAUE,30.580732,2.861595
DAUG,32.384102,3.794110
DAUH,31.673000,6.140440
DAUI,27.250999,2.512020
DAUK,33.067799,6.088670
DAUL,33.764400,2.928340
DAUO,33.511398,6.776790
DAUT,29.237101,0.276033
DAUU,31.917200,5.412780
DAUZ,28.051500,9.642910
DAV,8.388983,-82.436425
DAX,31.130200,107.429500
DAY,39.902401,-84.219398
DBA,28.878300,64.399803
DBB,30.924324,28.461610
DBBB,6.357230,2.384350
DBC,45.505278,123.019722
DBM,10.321501,37.741887
DBO,-32.216702,148.574997
DBQ,42.402000,-90.709503
DBR,26.192801,85.916901
DBV,42.562247,18.265543
DCA,38.852100,-77.037697
DCF,15.336693,-61.392108
DCM,43.556301,2.289180
DCY,29.316320,100.060317
DDC,37.763401,-99.965599
DDG,40.025453,124.286690
DDR,28.604567,86.798000
DEA,29.961000,70.485901
DEB,47.489469,21.616278
DEC,39.834599,-88.865700
DED,30.189243,78.176651
DEE,43.961066,145.684977
DEF,32.434399,48.397598
DEL,28.555630,77.095190
DEM,8.554000,34.858002
DEN,39.860027,-104.673792
DEX,-4.855700,139.482006
DFFD,12.353200,-1.512420
DFOO,11.160100,-4.330970
DFW,32.896801,-97.038002
DGA,16.982510,-88.230988
DGAA,5.605190,-0.166786
DGAH,6.579691,0.532547
DGH,24.446842,86.704955
DGLE,9.553909,-0.866060
DGO,24.125468,-104.527938
DGSI,6.714560,-1.590820
DGSN,7.361830,-2.328760
DGT,9.334183,123.301910
DGTK,4.896060,-1.774760
DHB,48.616667,-123.002778
DHM,32.164902,76.263018
DHN,31.321301,-85.449600
DHX,-7.749527,111.946831
DIA,25.259431,51.565528
DIAP,5.261390,-3.926290
DIB,27.483900,95.016899
DIBK,7.738800,-5.073670
DIE,-12.349400,49.291698
DIG,27.793600,99.677200
DIK,46.797533,-102.801905
DIKO,9.387180,-5.556660
DIL,-8.546562,125.524507
DIN,21.397499,103.008003
DIO,65.758367,-168.953676
DIR,9.623549,41.855027
DISP,4.746720,-6.660820
DIU,20.714185,70.921855
DIY,37.893902,40.201000
DJB,-1.638685,103.645063
DJE,33.873719,10.777300
DJG,24.285448,9.463652
DJJ,-2.579627,140.519857
DJT,26.683201,-80.095596
DKA,13.007800,7.660450
DLA,4.006080,9.719480
DLC,38.965719,121.538477
DLE,47.038955,5.427589
DLG,59.044701,-158.505005
DLH,46.841873,-92.198746
DLI,11.750556,108.366997
DLM,36.713100,28.792500
DLR,45.879857,133.737629
DLU,25.649401,100.319000
DLZ,43.608628,104.367734
DMB,42.853600,71.303596
DMD,-17.940300,138.822006
DME,55.408798,37.906300
DMK,13.912600,100.607002
DMM,26.469100,49.798209
DMU,25.883900,93.771103
DNAA,9.006790,7.263170
DNAI,4.872500,8.093000
DNAK,7.246740,5.301010
DNAN,6.267167,6.871333
DNAS,6.204167,6.665278
DNBC,10.482833,9.744000
DNBE,6.316980,5.599500
DNBK,12.479048,4.369132
DNBY,4.957590,6.203327
DNCA,4.976020,8.347200
DND,56.452499,-3.025830
DNEN,6.473718,7.560463
DNGO,10.298889,10.900000
DNH,40.161953,94.812827
DNIB,7.362460,3.978330
DNIL,8.440210,4.493920
DNIM,5.427060,7.206030
DNJO,9.639830,8.869050
DNKA,10.696000,7.320110
DNKN,12.045613,8.523566
DNKT,13.007800,7.660450
DNMA,11.854163,13.080702
DNMK,7.703880,8.613940
DNMM,6.577370,3.321160
DNPM,4.846111,7.021389
DNPO,5.015490,6.949590
DNSO,12.915729,5.207547
DNSU,5.598210,5.818700
DNYO,9.257550,12.430400
DNZ,37.785599,29.701300
DOD,-6.170559,35.756036
DOG,19.153666,30.430069
DOH,25.273056,51.608056
DOL,49.365237,0.154481
DOM,15.546673,-61.301082
DOP,28.985659,82.818703
DOV,39.129501,-75.466003
DOY,37.501370,118.789863
DPL,8.601983,123.341875
DPO,-41.169701,146.429993
DPS,-8.748409,115.167123
DPT,69.392503,139.890012
DQA,46.750883,125.138642
DQM,19.501944,57.634167
DRG,66.068901,-162.766914
DRJ,4.111359,-54.672766
DRO,37.151501,-107.753998
DRP,13.111915,123.676829
DRRN,13.481500,2.183610
DRS,51.134123,13.767831
DRV,5.156100,73.130200
DRW,-12.414970,130.881850
DRZR,13.779000,8.983760
DSD,16.296902,-61.084400
DSE,11.109750,39.725911
DSI,30.400101,-86.471497
DSM,41.534027,-93.656719
DSN,39.493514,109.859900
DSO,39.745201,127.473999
DSS,14.670878,-17.072829
DSY,10.914244,103.226652
DTB,2.259730,98.991898
DTD,0.807028,114.529052
DTKA,36.980000,8.876940
DTM,51.518299,7.612240
DTMB,35.758099,10.754700
DTNH,36.075833,10.438611
DTR,48.500171,-122.813973
DTTA,36.851002,10.227200
DTTJ,33.873719,10.777300
DTTX,34.717999,10.691000
DTTZ,33.939701,8.110560
DTU,48.441037,126.128374
DTW,42.213770,-83.353786
DUB,53.428713,-6.262121
DUD,-45.929017,170.197758
DUE,-7.400890,20.818501
DUJ,41.178299,-78.898697
DUM,1.609026,101.433493
DUR,-29.614444,31.119722
DUS,51.289501,6.766780
DUT,53.898810,-166.544996
DVL,48.115454,-98.908796
DVO,7.125520,125.646004
DWB,-16.101690,45.358837
DWC,24.896171,55.162350
DWD,24.449900,44.121201
DWO,6.906585,79.909000
DXB,25.249790,55.370992
DXJ,28.497200,109.521800
DXN,28.179868,77.611843
DXXX,6.165610,1.254510
DYG,29.104749,110.442786
DYR,64.734902,177.740997
DYU,38.543746,68.822977
DZA,-12.809319,45.281815
DZH,31.048815,107.435646
DZN,47.708953,67.738094
EAA,64.778003,-141.150455
EAM,17.611401,44.419201
EAR,40.727001,-99.006798
EAS,43.356499,-1.790610
EAT,47.398899,-120.207001
EAU,44.865799,-91.484299
EAX,5.863807,-55.189504
EBA,42.760871,10.239811
EBAW,51.190667,4.463153
EBB,0.042386,32.443501
EBBR,50.901402,4.484440
EBCI,50.461963,4.459562
EBD,13.153200,30.232700
EBH,33.721667,1.092500
EBJ,55.525902,8.553400
EBL,36.236047,43.946615
EBLG,50.638574,5.443897
EBOS,51.199800,2.874673
ECN,35.153064,33.507352
ECP,30.357106,-85.795414
EDA,55.949653,-133.661012
EDAH,53.878700,14.152300
EDDB,52.361738,13.502341
EDDC,51.134123,13.767831
EDDE,50.978281,10.960713
EDDF,50.026706,8.558350
EDDG,52.133816,7.688482
EDDH,53.630402,9.988230
EDDK,50.865898,7.142740
EDDL,51.289501,6.766780
EDDM,48.353802,11.786100
EDDN,49.498699,11.078056
EDDP,51.420657,12.232705
EDDR,49.214545,7.109735
EDDS,48.689899,9.221960
EDDV,52.461102,9.685080
EDDW,53.046786,8.789320
EDFH,49.946353,7.261734
EDFM,49.473057,8.514167
EDHL,53.805401,10.719200
EDI,55.950145,-3.372288
EDJA,47.988092,10.238248
EDL,0.404458,35.238899
EDLP,51.612527,8.617459
EDLV,51.601362,6.141228
EDLW,51.518299,7.612240
EDNY,47.671299,9.511490
EDO,39.552533,27.010192
EDR,-14.896451,141.609080
EDSB,48.779400,8.080500
EDVK,51.418395,9.391638
EDWE,53.391109,7.227500
EDWG,53.782544,7.919584
EDWJ,53.681421,7.056398
EDWR,53.596390,6.709167
EDWS,53.633057,7.190278
EDWY,53.706944,7.230000
EDWZ,53.724850,7.373257
EDXB,54.153332,8.901667
EDXH,54.185280,7.915833
EDXP,53.706669,7.820278
EDXW,54.913200,8.340470
EECL,59.448015,24.753313
EEK,60.213173,-162.044048
EEKA,58.990799,22.830700
EEKE,58.229900,22.509501
EEPU,58.418999,24.472799
EERU,57.785590,23.262377
EETN,59.413246,24.832640
EETU,58.307438,26.686473
EFET,68.362602,23.424299
EFHK,60.318363,24.963341
EFIV,68.607300,27.405300
EFJO,62.658815,29.619398
EFJY,62.399502,25.678301
EFKE,65.778702,24.582100
EFKI,64.285500,27.692400
EFKK,63.721199,23.143101
EFKS,65.987602,29.239401
EFKT,67.700996,24.846800
EFKU,63.007099,27.797800
EFL,38.120098,20.500500
EFLP,61.044601,28.144743
EFMA,60.122200,19.898199
EFOU,64.930099,25.354601
EFPO,61.461700,21.799999
EFRO,66.563327,25.829751
EFSA,61.943100,28.945101
EFTP,61.414101,23.604401
EFTU,60.514099,22.262800
EFVA,63.050230,21.762543
EGAA,54.657501,-6.215830
EGAC,54.618099,-5.872500
EGAE,55.042801,-7.161110
EGBB,52.453899,-1.748030
EGC,44.825298,0.518611
EGCC,53.349375,-2.279521
EGE,39.642601,-106.917999
EGEC,55.437199,-5.686390
EGED,59.190601,-2.772220
EGEF,59.534721,-1.628509
EGEL,56.601898,-6.617780
EGEN,59.367500,-2.434440
EGEO,56.463501,-5.399670
EGEP,59.351012,-2.900353
EGER,59.155300,-2.641390
EGES,59.250301,-2.576670
EGET,60.192200,-1.243610
EGEW,59.350475,-2.950062
EGEY,56.057499,-6.243060
EGFF,51.396702,-3.343330
EGGD,51.382326,-2.716453
EGGP,53.334863,-2.849637
EGGW,51.874699,-0.368333
EGHC,50.102798,-5.670560
EGHE,49.913375,-6.291894
EGHH,50.780483,-1.839576
EGHI,50.950298,-1.356800
EGHK,50.130376,-5.513946
EGHQ,50.440601,-4.995410
EGJA,49.706104,-2.214720
EGJB,49.435001,-2.601970
EGJJ,49.207901,-2.195510
EGKK,51.148744,-0.185739
EGLC,51.505299,0.055278
EGLL,51.470748,-0.459909
EGMC,51.570562,0.693627
EGNJ,53.576152,-0.349540
EGNM,53.865898,-1.660570
EGNS,54.083081,-4.623871
EGNT,55.037958,-1.689577
EGNV,54.509201,-1.429410
EGNX,52.831100,-1.328060
EGPA,58.957903,-2.905077
EGPB,59.878899,-1.295560
EGPC,58.458900,-3.093060
EGPD,57.201900,-2.197780
EGPE,57.542500,-4.047500
EGPF,55.871899,-4.433060
EGPH,55.950145,-3.372288
EGPI,55.682708,-6.257525
EGPK,55.501499,-4.577182
EGPL,57.481098,-7.362780
EGPN,56.452499,-3.025830
EGPO,58.215599,-6.331110
EGPR,57.022800,-7.443060
EGPU,56.499199,-6.869170
EGS,65.283302,-14.401400
EGSH,52.675800,1.282780
EGSS,51.884998,0.235000
EGTE,50.734261,-3.413984
EGX,58.184386,-157.374873
EGYP,-51.822642,-58.445777
EHAM,52.308601,4.763890
EHBK,50.911087,5.769401
EHEH,51.450100,5.374530
EHGG,53.119107,6.577652
EHRD,51.956902,4.437220
EHU,30.341178,115.039260
EICA,53.230301,-9.467780
EICK,51.841301,-8.491110
EIDL,55.044201,-8.341000
EIDW,53.428713,-6.262121
EIE,58.474201,92.112503
EIIM,53.106701,-9.653610
EIIR,53.064701,-9.510900
EIKN,53.910439,-8.817002
EIKY,52.180901,-9.523780
EIMN,53.092999,-9.568060
EIN,51.450100,5.374530
EINN,52.702000,-8.924820
EIS,18.445492,-64.541707
EJA,7.024330,-73.806800
EJH,26.198601,36.476398
EJT,6.040400,171.984600
EKAE,54.852798,10.456400
EKAH,56.303331,10.618286
EKAT,56.698347,11.555718
EKBI,55.740335,9.157019
EKCH,55.617901,12.656000
EKEB,55.525902,8.553400
EKKA,56.297139,9.104311
EKLS,57.277199,11.000100
EKO,40.824902,-115.792000
EKOD,55.475307,10.327206
EKRK,55.585602,12.131400
EKRN,55.063301,14.759600
EKS,49.190300,142.082993
EKSB,54.964401,9.791730
EKST,55.016602,10.563300
EKVG,62.063256,-7.275782
EKYT,57.094763,9.849930
ELC,-12.019400,135.570999
ELD,33.221001,-92.813301
ELF,13.614900,25.324600
ELG,30.580732,2.861595
ELH,25.475823,-76.680784
ELI,64.614700,-162.272003
ELLX,49.626845,6.212134
ELM,42.159901,-76.891602
ELP,31.809908,-106.375607
ELQ,26.302799,43.774399
ELS,-33.035599,27.825899
ELU,33.511398,6.776790
ELV,58.195202,-136.347000
EMA,52.831100,-1.328060
EMD,-23.567499,148.179001
EME,53.391109,7.227500
EMK,62.786098,-164.490997
ENA,60.570946,-151.245174
ENAL,62.560443,6.110845
ENAN,69.295193,16.139379
ENAT,69.976097,23.371700
ENBL,61.391102,5.756940
ENBN,65.461098,12.217500
ENBO,67.269203,14.365300
ENBR,60.293400,5.218140
ENBS,70.600250,29.692612
ENBV,70.871517,29.034097
ENCN,58.204201,8.085370
ENDU,69.055801,18.540400
ENE,-8.849114,121.661010
ENEV,68.491302,16.678101
ENF,68.362602,23.424299
ENFL,61.583599,5.024720
ENGM,60.193901,11.100400
ENH,30.320299,109.485001
ENHD,59.345299,5.208360
ENHF,70.679703,23.668600
ENHK,70.486702,22.139700
ENHV,71.009697,25.983601
ENI,11.202399,119.416087
ENKB,63.111801,7.824520
ENKR,69.725800,29.891300
ENLK,68.152496,13.609400
ENMH,71.029701,27.826700
ENML,62.744701,7.262500
ENMS,65.783997,13.214900
ENNA,70.068802,24.973499
ENNM,64.472198,11.578600
ENO,-27.227537,-55.837584
ENOL,63.698898,9.604000
ENOV,62.180000,6.074100
ENRA,66.363899,14.301400
ENRM,64.838303,11.146100
ENRO,62.578400,11.342300
ENRS,67.526482,12.101575
ENSB,78.246101,15.465600
ENSD,61.830002,6.105830
ENSG,61.156101,7.137780
ENSH,68.243301,14.669200
ENSK,68.578827,15.033417
ENSO,59.791901,5.340850
ENSR,69.786797,20.959400
ENSS,70.355400,31.044901
ENST,65.956802,12.468900
ENT,11.340700,162.328003
ENTC,69.683296,18.918900
ENTO,59.186699,10.258600
ENU,6.473718,7.560463
ENVA,63.457802,10.924000
ENVD,70.065300,29.844700
ENY,36.479413,109.464083
ENZV,58.876701,5.637780
EOH,6.219686,-75.590597
EOI,59.190601,-2.772220
EPBY,53.096802,17.977699
EPGD,54.377602,18.466200
EPKK,50.077702,19.784800
EPKT,50.476015,19.080705
EPLB,51.240157,22.713461
EPLL,51.721901,19.398100
EPMO,52.451099,20.651800
EPPO,52.421598,16.823359
EPR,-33.684399,121.822998
EPRA,51.389370,21.214742
EPRZ,50.109791,22.024155
EPSC,53.584702,14.902200
EPSY,53.481899,20.937700
EPU,58.418999,24.472799
EPWA,52.165699,20.967100
EPWR,51.103719,16.882096
EPZG,52.138500,15.798600
EQS,-42.908001,-71.139503
ERC,39.710201,39.527000
ERF,50.978281,10.960713
ERH,31.947500,-4.398330
ERI,42.083127,-80.173867
ERL,43.424079,112.091081
ERS,-22.604920,17.079002
ERZ,39.956501,41.170200
ESB,40.128101,32.995098
ESC,45.723199,-87.088623
ESD,48.708199,-122.910004
ESDF,56.266701,15.265000
ESGG,57.662800,12.279800
ESGJ,57.757599,14.068700
ESGT,58.318100,12.345000
ESKM,60.957901,14.511400
ESKN,58.789656,16.911479
ESKS,61.165080,12.833520
ESL,46.373901,44.330898
ESM,0.978519,-79.626602
ESMQ,56.685501,16.287600
ESMS,55.535564,13.376327
ESMT,56.691101,12.820200
ESMX,56.929100,14.728000
ESND,62.047798,14.422900
ESNG,67.132401,20.814600
ESNK,63.048599,17.768900
ESNL,64.548302,18.716200
ESNN,62.528099,17.443899
ESNO,63.408298,18.990000
ESNQ,67.821999,20.336800
ESNS,64.624802,21.076900
ESNU,63.791801,20.282801
ESNV,64.579102,16.833599
ESNX,65.590302,19.281900
ESNZ,63.193546,14.504168
ESOE,59.223701,15.038000
ESOH,60.020100,13.578900
ESOK,59.444698,13.337400
ESOW,59.589401,16.633600
ESPA,65.543800,22.122000
ESR,-26.311100,-69.765198
ESSA,59.648490,17.928829
ESSB,59.354401,17.941700
ESSD,60.422001,15.515200
ESSL,58.404909,15.684499
ESSP,58.586300,16.250601
ESST,60.157600,12.991300
ESSV,57.662800,18.346201
ESTA,56.296101,12.847100
ESU,31.397499,-9.681670
ESUP,67.244569,23.074894
ESUT,65.806099,15.082800
ETM,29.727009,35.014116
ETMN,53.767689,8.659201
ETNL,53.918201,12.278300
ETR,-3.441986,-79.996957
ETZ,48.982101,6.251320
EUA,-21.378300,-174.957993
EUG,44.124599,-123.211998
EUN,27.142467,-13.224947
EUX,17.496500,-62.979401
EVE,68.491302,16.678101
EVG,62.047798,14.422900
EVN,40.148941,44.397887
EVRA,56.920752,23.970711
EVV,38.036999,-87.532402
EWB,41.676102,-70.956902
EWN,35.073002,-77.042900
EWR,40.689400,-74.170545
EXI,58.420502,-135.449005
EXT,50.734261,-3.413984
EYK,63.686901,66.698601
EYKA,54.963965,24.085820
EYP,5.319110,-72.384000
EYPA,55.973202,21.093901
EYVI,54.634102,25.285801
EYW,24.556119,-81.759579
EZE,-34.822200,-58.535800
EZS,38.597974,39.283480
FABL,-29.092699,26.302401
FACT,-33.974030,18.604333
FAE,62.063256,-7.275782
FAEL,-33.035599,27.825899
FAGG,-34.005600,22.378902
FAHS,-24.361864,31.052921
FAI,64.815102,-147.856003
FAKM,-28.805401,24.764872
FAKN,-25.383327,31.105325
FALA,-25.938964,27.926642
FALE,-29.614444,31.119722
FAMG,-30.857401,30.343000
FAMM,-25.798401,25.548000
FAMU,-27.626101,32.044300
FAO,37.015909,-7.970939
FAOR,-26.140081,28.246801
FAPE,-33.989715,25.617353
FAPH,-23.937201,31.155399
FAPI,-23.926100,29.484400
FAPM,-29.649000,30.398701
FAPP,-23.845269,29.458615
FAR,46.920700,-96.815804
FARB,-28.740999,32.092098
FASS,-27.648600,22.999300
FASZ,-24.960850,31.588587
FAT,36.775767,-119.718018
FAUP,-28.400246,21.263592
FAUT,-31.546363,28.673355
FAV,-16.054100,-145.656998
FAY,34.991199,-78.880302
FBD,37.122148,70.520100
FBE,-26.059380,-53.063827
FBKE,-17.831653,25.166195
FBM,-11.591494,27.530753
FBMN,-19.970491,23.431409
FBPM,-21.159183,27.468826
FBS,48.537300,-123.010002
FBSK,-24.555201,25.918200
FBSW,-18.373899,21.832600
FCA,48.310501,-114.255997
FCBB,-4.251700,15.253000
FCN,53.767689,8.659201
FCO,41.804532,12.251998
FCPP,-4.816030,11.886600
FDE,61.391102,5.756940
FDF,14.591000,-61.003201
FDH,47.671299,9.511490
FDSK,-26.358611,31.716944
FDU,-3.311320,17.381701
FEFF,4.398480,18.518801
FEG,40.358799,71.745003
FEN,-3.854534,-32.423017
FEZ,33.927299,-4.977960
FGAN,-1.408615,5.624163
FGBT,1.905470,9.805680
FGCO,0.910937,9.330270
FGMY,1.676437,11.024904
FGSL,3.755270,8.708720
FGU,-15.820044,-140.888071
FHAW,-7.970179,-14.392744
FHSH,-15.958898,-5.646066
FHZ,-15.992259,-140.164246
FIE,59.534721,-1.628509
FIH,-4.385750,15.444600
FIMP,-20.430201,57.683601
FIMR,-19.756696,63.359326
FIZ,-18.183596,125.559783
FJR,25.108411,56.328061
FKB,48.779400,8.080500
FKI,0.481639,25.337999
FKKD,4.006080,9.719480
FKKL,10.451400,14.257400
FKKN,7.357010,13.559200
FKKR,9.334785,13.372129
FKQ,-2.920508,132.267011
FKS,37.227402,140.431000
FKYS,3.722560,11.553300
FLA,1.589190,-75.564400
FLG,35.139757,-111.669826
FLHN,-17.821524,25.819642
FLKK,-15.330833,28.452722
FLKS,-10.210169,31.123045
FLL,26.072599,-80.152702
FLMF,-13.258900,31.936600
FLN,-27.670279,-48.552502
FLO,34.185398,-79.723900
FLR,43.808558,11.202822
FLS,-40.091702,147.992996
FLSK,-12.965130,28.515624
FLSW,-12.173700,26.365101
FLW,39.455299,-31.131399
FLZ,1.557127,98.887145
FMA,-26.212700,-58.228100
FMCH,-11.533700,43.271900
FMCV,-12.131047,44.430044
FMCZ,-12.809319,45.281815
FMEE,-20.890087,55.518894
FMEP,-21.319362,55.422506
FMI,-5.875560,29.250000
FMM,47.988092,10.238248
FMMI,-18.796900,47.478802
FMMS,-17.093901,49.815800
FMMT,-18.113537,49.392262
FMMU,-17.476101,43.972801
FMMV,-20.284700,44.317600
FMNA,-12.349400,49.291698
FMNM,-15.666842,46.351233
FMNN,-13.312100,48.314800
FMNO,-16.101690,45.358837
FMNQ,-16.744530,44.482484
FMNR,-15.437742,49.689081
FMNS,-14.278600,50.174702
FMNT,-16.751064,47.619016
FMO,52.133816,7.688482
FMSD,-25.038099,46.956100
FMSM,-21.201799,48.358299
FMST,-23.383400,43.728500
FMT,0.192647,73.196755
FNA,8.616440,-13.195500
FNBC,-6.269900,14.247000
FNBJ,-9.050734,13.499078
FNC,32.697812,-16.774613
FNCA,-5.598390,12.188145
FNCT,-12.479200,13.486900
FND,6.162443,73.287520
FNDU,-7.400890,20.818501
FNGI,-17.043501,15.683800
FNHU,-12.808900,15.760500
FNI,43.757401,4.416350
FNJ,39.224098,125.669998
FNLU,-8.858370,13.231200
FNMA,-9.525090,16.312401
FNME,-14.657600,17.719801
FNMO,-15.261200,12.146800
FNNG,-7.754510,15.287700
FNR,58.254398,-134.897995
FNSO,-6.141090,12.371800
FNT,42.969294,-83.743355
FNUB,-14.924839,13.576653
FOA,60.121916,-2.053439
FOC,25.929254,119.672524
FOD,42.552624,-94.191237
FOG,41.433596,15.534566
FOGO,1.543110,11.581400
FOGX,-2.785278,10.047222
FON,10.469311,-84.579073
FOOG,-0.711739,8.754380
FOOK,0.579211,12.890900
FOOL,0.458951,9.412140
FOON,-1.656160,13.438000
FOR,-3.775833,-38.532222
FPO,26.557996,-78.695583
FPPR,1.661155,7.411081
FPST,0.378175,6.712150
FQBR,-19.796400,34.907600
FQCH,-19.151300,33.429001
FQIN,-23.876400,35.408501
FQLC,-13.274000,35.266300
FQMA,-25.920799,32.572601
FQNC,-14.488200,40.712200
FQNP,-15.105600,39.281799
FQPB,-12.993302,40.524867
FQQL,-17.855499,36.869099
FQTT,-16.104799,33.640202
FQVL,-22.018400,35.313301
FQXA,-24.892909,33.753024
FRA,50.026706,8.558350
FRD,48.523654,-123.024645
FRE,-8.107500,159.576996
FRL,44.194801,12.070100
FRO,61.583599,5.024720
FRS,16.913707,-89.866143
FRW,-21.159183,27.468826
FSAL,-7.004780,52.726200
FSC,41.501850,9.097092
FSD,43.585463,-96.741152
FSH,2.269614,97.967863
FSIA,-4.674340,55.521801
FSM,35.336601,-94.367401
FSP,46.762651,-56.174990
FSPP,-4.319256,55.691561
FSZ,34.795022,138.190976
FTA,-19.516399,170.231995
FTE,-50.280267,-72.053401
FTI,-14.216131,-169.423771
FTTJ,12.133700,15.034000
FTU,-25.038099,46.956100
FTW,32.819919,-97.360818
FUE,28.452700,-13.863800
FUG,32.882157,115.734364
FUJ,32.666302,128.832993
FUK,33.585899,130.451004
FUN,-8.523885,179.196976
FUO,23.082500,113.070833
FUT,-14.311565,-178.066492
FVFA,-18.097437,25.836867
FVJN,-20.016284,28.622897
FVKB,-16.519800,28.885000
FVRG,-17.931801,31.092800
FWA,40.978896,-85.194465
FWCL,-15.677189,34.972319
FWKI,-13.789400,33.780998
FXMM,-29.456277,27.554456
FYHI,-19.028500,16.458500
FYJ,48.197219,134.362980
FYKM,-17.634258,24.176688
FYLZ,-26.687401,15.242900
FYN,46.804169,89.512006
FYNG,-19.328533,15.915003
FYOA,-17.878201,15.952600
FYOG,-28.585318,16.446380
FYRU,-17.956499,19.719400
FYTF,-20.544240,14.358790
FYU,66.571651,-145.249987
FYWB,-22.979332,14.647102
FYWE,-22.604920,17.079002
FYWH,-22.479900,17.470900
FZAA,-4.385750,15.444600
FZBA,-1.947220,18.285801
FZBO,-3.311320,17.381701
FZCA,-5.035770,18.785601
FZEA,0.022600,18.288700
FZFD,4.252745,20.975271
FZFK,3.235370,19.771299
FZGN,-0.286652,20.883551
FZIC,0.481639,25.337999
FZJH,2.827610,27.588301
FZKA,1.565743,30.220685
FZNA,-1.666758,29.238037
FZOA,-2.919180,25.915400
FZQA,-11.591494,27.530753
FZQM,-10.765900,25.505699
FZRF,-5.875560,29.250000
FZSB,-8.728878,24.991407
FZUA,-5.900050,22.469200
FZVJ,-4.039285,24.365616
FZVS,-4.329919,20.590124
FZWA,-6.121240,23.569000
GABS,12.533500,-7.949940
GAGO,16.248466,-0.005389
GAJ,38.411900,140.371002
GAKD,14.482521,-11.399335
GAL,64.736198,-156.936997
GAM,63.767694,-171.733303
GAMB,14.512800,-4.079560
GAN,-0.692975,73.152627
GAQ,16.248466,-0.005389
GATB,16.730499,-3.007580
GAU,26.106654,91.585226
GAX,-2.785278,10.047222
GAY,24.744301,84.951202
GBB,40.808617,47.725389
GBE,-24.555201,25.918200
GBI,17.308154,76.965246
GBJ,15.868925,-61.270087
GBYD,13.338000,-16.652201
GBZ,-36.241402,175.472000
GCC,44.348900,-105.539001
GCFV,28.452700,-13.863800
GCGM,28.029600,-17.214600
GCH,30.333869,50.833796
GCHI,27.814800,-17.887100
GCI,49.435001,-2.601970
GCK,37.927502,-100.723999
GCLA,28.626499,-17.755600
GCLP,27.931900,-15.386600
GCM,19.292801,-81.357697
GCN,35.952400,-112.147003
GCRR,28.945499,-13.605200
GCTS,28.044500,-16.572500
GCXO,28.482752,-16.341707
GDB,21.526817,80.290347
GDE,5.935130,43.578602
GDL,20.523342,-103.310108
GDN,54.377602,18.466200
GDQ,12.519900,37.433998
GDT,21.444500,-71.142303
GDV,47.137658,-104.806910
GDX,59.910999,150.720001
GDZ,44.582093,38.012481
GEA,-22.257706,166.472822
GECE,35.892657,-5.306321
GEG,47.619900,-117.533997
GEL,-28.282503,-54.169623
GEM,1.676437,11.024904
GEML,35.279800,-2.956260
GEO,6.498550,-58.254101
GER,21.834700,-82.783798
GES,6.057208,125.096243
GET,-28.796101,114.707001
GEV,67.132401,20.814600
GFF,-34.250801,146.067001
GFK,47.949299,-97.176102
GFLL,8.616440,-13.195500
GGF,-1.479524,-52.578214
GGG,32.383999,-94.711502
GGJ,-24.081100,-54.191700
GGOV,11.894262,-15.653596
GGR,8.458474,48.568136
GGS,-48.783100,-70.150002
GGT,23.562599,-75.877998
GGW,48.212502,-106.614998
GHA,32.384102,3.794110
GHB,25.284700,-76.331001
GHV,45.705580,25.522871
GIB,36.151679,-5.349780
GIC,-9.232780,142.218002
GID,-3.417209,29.911308
GIG,-22.809999,-43.250557
GIL,35.918800,74.333603
GIS,-38.663300,177.977997
GIZ,16.901100,42.585800
GJA,16.445400,-85.906601
GJL,36.794125,5.873652
GJT,39.126663,-108.529387
GKA,-6.081690,145.391998
GKK,0.732400,73.433600
GKN,62.155859,-145.454662
GLA,55.871899,-4.433060
GLF,8.654010,-83.182198
GLH,33.482899,-90.985603
GLK,6.780830,47.454700
GLMR,6.289060,-10.758700
GLRB,6.233790,-10.362300
GLT,-23.869763,151.225439
GLV,64.550499,-163.007004
GMA,3.235370,19.771299
GMAD,30.322478,-9.412003
GMAT,28.447563,-11.161749
GMAZ,30.265788,-5.860808
GMB,8.128760,34.563099
GME,52.527000,31.016701
GMFB,32.514306,-1.983056
GMFF,33.927299,-4.977960
GMFK,31.947500,-4.398330
GMFO,34.789558,-1.926041
GMI,-6.271110,150.330994
GMMA,26.731987,-11.683655
GMMD,32.401895,-6.315905
GMME,34.051498,-6.751520
GMMH,23.718300,-15.932000
GMMI,31.397499,-9.681670
GMML,27.142467,-13.224947
GMMN,33.367500,-7.589970
GMMW,34.988800,-3.028210
GMMX,31.604807,-8.035788
GMMZ,30.939100,-6.909430
GMO,10.298889,10.900000
GMP,37.558300,126.791000
GMQ,34.418066,100.301144
GMR,-23.079901,-134.889999
GMTA,35.177101,-3.839520
GMTN,35.594299,-5.320020
GMTT,35.731741,-5.921459
GMZ,28.029600,-17.214600
GNB,45.362900,5.329370
GND,12.003996,-61.785302
GNJ,40.738692,46.320383
GNS,1.166275,97.705196
GNU,59.117561,-161.575241
GNV,29.690100,-82.271797
GNY,37.445663,38.895592
GOA,44.412039,8.840732
GOBD,14.670878,-17.072829
GOGG,12.555590,-16.283298
GOGS,12.395330,-16.748000
GOH,64.191066,-51.679140
GOI,15.380062,73.833328
GOJ,56.227351,43.785152
GOM,-1.666758,29.238037
GOP,26.739700,83.449699
GOQ,36.400600,94.786102
GOT,57.662800,12.279800
GOU,9.334785,13.372129
GOV,-12.269400,136.817993
GOX,15.744257,73.860625
GOY,64.333511,100.432892
GPA,38.151100,21.425600
GPI,2.570130,-77.897969
GPS,-0.453758,-90.265900
GPT,30.405582,-89.069836
GQNO,18.310000,-15.969722
GQPP,20.932404,-17.030199
GQPZ,22.757345,-12.482228
GRB,44.483459,-88.130805
GRI,40.967499,-98.309601
GRJ,-34.005600,22.378902
GRK,31.067200,-97.828903
GRO,41.904639,2.761774
GRQ,53.119107,6.577652
GRR,42.880798,-85.522797
GRU,-23.431274,-46.469954
GRV,43.388106,45.699772
GRW,39.092201,-28.029800
GRX,37.188702,-3.777360
GRY,66.545800,-18.017300
GRZ,46.991100,15.439600
GSM,26.754639,55.902353
GSO,36.099370,-79.937262
GSP,34.895699,-82.218903
GST,58.425301,-135.707001
GSV,51.712778,46.171111
GTA,-8.738358,158.202836
GTE,-13.972405,136.458553
GTF,47.481998,-111.371002
GTO,0.637119,122.849998
GTR,33.450298,-88.591400
GUA,14.582896,-90.527515
GUB,28.026100,-114.024002
GUC,38.534672,-106.934566
GUCY,9.576890,-13.612000
GUM,13.485000,144.797282
GUP,35.511653,-108.788166
GUR,-10.311500,150.334000
GUW,47.121318,51.820343
GUZ,-20.646500,-40.491901
GVA,46.238098,6.108950
GVAC,16.741400,-22.949400
GVBA,16.136499,-22.888901
GVMA,15.155900,-23.213699
GVNP,14.941126,-23.484728
GVR,-18.895882,-41.982869
GVSF,14.885000,-24.480000
GVSN,16.588852,-24.284132
GVSV,16.833363,-25.055308
GWD,25.296733,62.498822
GWL,26.293301,78.227798
GWT,54.913200,8.340470
GXF,15.965887,48.788146
GXG,-7.754510,15.287700
GXH,34.819014,102.622261
GYA,-10.888560,-65.380955
GYD,40.472780,50.050931
GYE,-2.157420,-79.883598
GYM,27.969000,-110.925003
GYN,-16.632000,-49.220699
GYS,32.390254,105.694571
GYU,36.078889,106.216944
GYY,41.617087,-87.413206
GYZ,-28.034548,123.815060
GZG,31.757500,99.554167
GZM,36.027199,14.272800
GZO,-8.097780,156.863998
GZP,36.298832,32.297017
GZT,36.947201,37.478699
HAA,70.486702,22.139700
HAAB,8.977890,38.799301
HAAM,6.039390,37.590500
HAAX,14.146800,38.772800
HABC,5.749655,36.560165
HABD,11.608100,37.321602
HAC,33.114843,139.785645
HAD,56.691101,12.820200
HADC,11.109750,39.725911
HADD,8.554000,34.858002
HADM,10.321501,37.741887
HADR,9.623549,41.855027
HAGM,8.128760,34.563099
HAGN,12.519900,37.433998
HAGO,5.935130,43.578602
HAH,-11.533700,43.271900
HAHU,13.830120,36.882370
HAJ,52.461102,9.685080
HAJJ,9.331907,42.911811
HAJM,7.666090,36.816601
HAK,19.934900,110.459000
HAKD,6.732577,44.241339
HAL,-19.028500,16.458500
HALA,7.100611,38.396455
HAM,53.630402,9.988230
HAMK,13.467400,39.533501
HAMT,6.957100,35.554700
HAN,21.221201,105.806999
HAQ,6.743235,73.167072
HAS,27.437901,41.686298
HASL,6.077545,44.763736
HASM,11.787500,40.991500
HASO,10.018500,34.586300
HASR,14.075699,38.273592
HATP,7.202400,35.415000
HAU,59.345299,5.208360
HAV,22.989201,-82.409103
HBA,-42.837032,147.513022
HBBA,-3.324020,29.318501
HBBE,-3.417209,29.911308
HBBO,-2.544772,30.094575
HBE,30.932490,29.696437
HBQ,38.008068,100.645065
HBT,6.124043,81.103000
HBX,15.361084,75.082096
HCGR,8.458474,48.568136
HCJ,24.804344,107.710819
HCMF,11.275235,49.139231
HCMH,9.514082,44.083469
HCMI,10.385035,44.936723
HCMM,2.014440,45.304699
HCMN,4.766976,45.238800
HCMR,6.780830,47.454700
HCR,62.188301,-159.774994
HCZ,25.753419,112.845404
HDAM,11.547300,43.159500
HDD,25.318100,68.366096
HDF,53.878700,14.152300
HDG,36.524824,114.424126
HDK,6.630762,73.067815
HDM,34.866416,48.560690
HDN,40.481201,-107.218002
HDO,28.707701,77.358902
HDS,-24.361864,31.052921
HDY,6.933210,100.392998
HEA,34.209999,62.228298
HEAL,30.924324,28.461610
HEAR,31.055324,33.827964
HEAT,27.045962,31.012760
HEAX,30.932490,29.696437
HEBL,22.375924,31.611734
HECA,30.111534,31.396694
HECP,30.064650,31.839974
HEGN,27.176776,33.796692
HEH,20.747140,96.792029
HEI,54.153332,8.901667
HEK,50.171621,127.308884
HEL,60.318363,24.963341
HELX,25.671018,32.706446
HEMA,25.555548,34.592450
HEMM,31.324313,27.222270
HEPS,31.279285,32.240582
HER,35.339699,25.180300
HESG,26.342515,31.743017
HESH,27.977272,34.394717
HESN,23.961075,32.820382
HESX,30.108179,30.895728
HET,40.849658,111.824598
HETB,29.594496,34.775752
HFA,32.810219,35.043719
HFE,31.987790,116.976900
HFN,64.295601,-15.227200
HFS,60.020100,13.578900
HFT,70.679703,23.668600
HGA,9.514082,44.083469
HGD,-20.815001,144.225006
HGH,30.236090,120.428865
HGI,26.966830,93.638792
HGL,54.185280,7.915833
HGN,19.301300,97.975800
HGO,9.387180,-5.556660
HGR,39.708771,-77.728014
HGU,-5.828212,144.299412
HHAS,15.291900,38.910702
HHH,32.224400,-80.697502
HHN,49.946353,7.261734
HHP,22.288868,114.152369
HHQ,12.636200,99.951500
HHR,33.922798,-118.334999
HHZ,-17.548297,-142.612037
HIA,33.792712,119.126657
HIB,47.384831,-92.836905
HID,-10.585636,142.292770
HII,34.570506,-114.357745
HIJ,34.436100,132.919006
HIL,6.077545,44.763736
HIN,35.088591,128.071747
HIR,-9.428000,160.054993
HIS,-20.059999,148.880997
HJB,42.976395,83.995543
HJJ,27.443087,109.704666
HJJJ,4.872010,31.601101
HJR,24.817200,79.918602
HKAM,-2.644786,37.252922
HKD,41.770000,140.822006
HKEL,0.404458,35.238899
HKG,22.311840,113.914862
HKJK,-1.318886,36.928233
HKK,-42.713600,170.985001
HKKI,-0.086139,34.728901
HKLU,-2.252431,40.912892
HKMK,0.165083,38.195141
HKML,-3.229310,40.101700
HKMO,-4.034830,39.594200
HKMS,-1.404588,35.008349
HKN,-5.463846,150.407327
HKNL,-0.062352,37.041296
HKNW,-1.321720,36.814800
HKT,8.113257,98.317400
HKWJ,1.733240,40.091599
HLA,-25.938964,27.926642
HLD,49.208616,119.822301
HLE,-15.958898,-5.646066
HLH,46.195333,122.008333
HLKF,24.178699,23.313999
HLLB,32.096802,20.269501
HLLM,32.891770,13.287878
HLLQ,32.789036,21.954864
HLLS,26.992452,14.466162
HLMS,32.325001,15.061000
HLN,46.606800,-111.983002
HLP,-6.266989,106.890318
HLTD,30.145484,9.702095
HLZ,-37.866961,175.331952
HMA,61.028500,69.086098
HMB,26.342515,31.743017
HME,31.673000,6.140440
HMI,42.841400,93.669197
HMO,29.092811,-111.053015
HMS,-1.025810,114.928810
HMV,65.806099,15.082800
HNA,39.428600,141.134995
HND,35.549678,139.786958
HNH,58.096100,-135.410111
HNL,21.318387,-157.925670
HNM,20.795601,-156.014008
HNS,59.243921,-135.523925
HNY,26.722080,112.617958
HOB,32.687500,-103.217003
HOF,25.285299,49.485199
HOG,20.785148,-76.315526
HOI,-18.074800,-140.945999
HOK,-18.336700,130.638000
HOM,59.644456,-151.479235
HOR,38.519901,-28.715900
HOT,34.478800,-93.096262
HOU,29.645336,-95.276812
HOV,62.180000,6.074100
HPA,-19.777000,-174.341003
HPB,61.523899,-166.147003
HPG,31.626000,110.340000
HPH,20.817428,106.724315
HPN,41.067001,-73.707603
HQL,37.661333,75.288877
HQQ,35.870833,114.461944
HRB,45.623402,126.250000
HRE,-17.931801,31.092800
HRF,6.969670,72.896287
HRG,27.176776,33.796692
HRI,6.283878,81.124163
HRL,26.228500,-97.654404
HRO,36.261501,-93.154701
HRYR,-1.968630,30.139500
HRZA,-2.462240,28.907900
HSA,43.311087,68.550352
HSC,24.978600,113.420998
HSDN,19.153666,30.430069
HSFS,13.614900,25.324600
HSG,33.149700,130.302002
HSKA,15.387500,36.328800
HSL,65.697899,-156.350998
HSN,29.933874,122.362307
HSNN,12.053500,24.956200
HSOB,13.153200,30.232700
HSPN,19.434558,37.234125
HSR,22.378824,71.039391
HSS,29.186065,75.741420
HSSK,15.589500,32.553200
HSSM,9.558739,31.651937
HSV,34.636244,-86.774378
HSWW,7.725830,27.975000
HTA,52.024841,113.305839
HTAR,-3.367790,36.633301
HTBU,-1.332000,31.821200
HTDA,-6.873499,39.207288
HTDO,-6.170559,35.756036
HTG,71.978104,102.490997
HTGW,-8.919942,33.273981
HTI,-20.358101,148.951996
HTKA,-4.886200,29.670900
HTKJ,-3.427049,37.073530
HTMA,-7.917478,39.668502
HTMT,-10.336204,40.181997
HTMU,-1.503000,33.802100
HTMW,-2.446563,32.936049
HTN,37.038502,79.864899
HTS,38.366699,-82.557999
HTSN,-2.458060,34.822498
HTSY,-3.609300,33.503500
HTT,38.201645,90.837843
HTTB,-5.076390,32.833302
HTTG,-5.092360,39.071201
HTY,36.360790,36.285589
HTZA,-6.222020,39.224899
HUAR,3.049152,30.911714
HUE,13.830120,36.882370
HUEN,0.042386,32.443501
HUG,15.316667,-91.505556
HUGU,2.805560,32.271801
HUH,-16.687084,-151.021593
HUI,16.400628,107.703094
HUKI,-1.283700,29.719700
HUN,24.023163,121.617991
HUO,45.487222,119.407222
HUS,66.041100,-154.263001
HUSO,1.727690,33.622799
HUU,-9.878810,-76.204803
HUX,15.775437,-96.260456
HUY,53.576152,-0.349540
HUZ,23.049999,114.599998
HVB,-25.320127,152.880662
HVD,47.954102,91.628197
HVG,71.009697,25.983601
HVN,41.262869,-72.887694
HVR,48.541387,-109.762859
HWR,30.748501,75.629799
HXD,37.125286,97.268658
HYA,41.669300,-70.280403
HYD,17.231318,78.429855
HYG,55.205227,-132.830286
HYL,55.481529,-132.646008
HYN,28.562201,121.429001
HYS,38.844521,-99.273148
HZA,35.212972,115.736748
HZG,33.133527,107.203817
HZH,26.322170,109.149900
IAA,67.437202,86.621902
IAD,38.944500,-77.455803
IAG,43.107300,-78.946198
IAH,29.984400,-95.341400
IAM,28.051500,9.642910
IAN,66.976128,-160.439014
IAO,9.859100,126.014000
IAR,57.560699,40.157398
IAS,47.179633,27.621431
IBA,7.362460,3.978330
IBB,-0.942628,-90.953003
IBE,4.421610,-75.133300
IBR,36.181456,140.414434
IBZ,38.872898,1.373120
ICC,10.794432,-63.981590
ICI,-17.743299,-179.341995
ICN,37.469101,126.450996
ICT,37.650314,-97.428583
IDA,43.514599,-112.070999
IDR,22.721404,75.800510
IEG,52.138500,15.798600
IFJ,66.058098,-23.135300
IFN,32.755142,51.883877
IGA,20.975000,-73.666901
IGD,39.976627,43.876648
IGG,59.324001,-155.901993
IGR,-25.737301,-54.473400
IGT,43.323268,45.012568
IGU,-25.594167,-54.489444
IIA,53.092999,-9.568060
IJK,56.834524,53.462172
IKA,35.416100,51.152199
IKE,70.498145,-51.303084
IKG,42.508099,78.407799
IKI,33.749001,129.785004
IKO,52.941552,-168.849478
IKS,71.697701,128.903000
IKT,52.266707,104.395563
IKU,42.585584,76.701181
ILD,41.728185,0.535023
ILF,56.051622,-95.618820
ILG,39.678699,-75.606499
ILI,59.754398,-154.910996
ILM,34.272345,-77.905117
ILO,10.833017,122.493358
ILP,-22.588900,167.455994
ILQ,-17.695000,-71.344002
ILR,8.440210,4.493920
ILS,13.699500,-89.119904
ILY,55.682708,-6.257525
IMF,24.760000,93.896698
IMK,29.971100,81.818901
IMP,-5.531290,-47.459999
IMT,45.819110,-88.114557
INB,16.534560,-88.441615
INC,38.322758,106.393214
IND,39.717300,-86.294403
INH,-23.876400,35.408501
INI,43.336538,21.856242
INL,48.566200,-93.403099
INN,47.260201,11.344000
INO,-1.947220,18.285801
INQ,53.064701,-9.510900
INU,-0.547893,166.919525
INV,57.542500,-4.047500
INZ,27.250999,2.512020
IOA,39.696400,20.822500
IOM,54.083081,-4.623871
IOQ,65.547792,-38.976552
IOR,53.106701,-9.653610
IOS,-14.815929,-39.033458
IOT,71.241944,-53.562877
IPC,-27.165411,-109.421027
IPH,4.567330,101.091643
IPI,0.861946,-77.671783
IPL,32.835390,-115.574026
IPN,-19.470699,-42.487598
IPT,41.242126,-76.922450
IQM,38.234516,85.465462
IQN,35.802638,107.598896
IQQ,-20.536273,-70.181373
IQT,-3.784740,-73.308800
IRA,-10.449700,161.897995
IRC,65.827673,-144.076195
IRG,-12.786900,143.304993
IRJ,-29.381599,-66.795799
IRK,40.093498,-92.544899
IRP,2.827610,27.588301
IRZ,-0.378604,-64.992558
ISA,-20.666380,139.488468
ISB,33.549000,72.825660
ISC,49.913375,-6.291894
ISE,37.855400,30.368401
ISG,24.396389,124.245000
ISK,20.119101,73.912903
ISP,40.796324,-73.101703
IST,41.274874,28.732136
ISU,35.560487,45.315137
ITB,-4.242131,-56.000651
ITH,42.491001,-76.458397
ITM,34.780853,135.440829
ITO,19.721350,-155.045428
ITU,45.256389,147.955490
IUE,-19.080109,-169.923493
IUI,73.199895,-56.010817
IVC,-46.412399,168.313004
IVL,68.607300,27.405300
IWA,56.939400,40.940800
IWD,46.525298,-90.131578
IWJ,34.676399,131.789993
IWK,34.146333,132.247238
IXA,23.886999,91.240402
IXB,26.681200,88.328598
IXC,30.673500,76.788498
IXD,25.440100,81.733902
IXE,12.954710,74.886812
IXG,15.859300,74.618301
IXI,27.295682,94.097266
IXJ,32.688849,74.838152
IXK,21.317101,70.270401
IXL,34.135899,77.546501
IXM,9.834510,78.093399
IXP,32.233611,75.634444
IXR,23.314301,85.321701
IXS,24.912901,92.978699
IXU,19.862875,75.396312
IXY,23.112700,70.100304
IXZ,11.640194,92.729020
IZA,-21.513086,-43.173069
IZO,35.413601,132.889999
IZT,16.445961,-95.093708
JAC,43.607300,-110.737999
JAE,-5.592480,-78.774002
JAF,9.792330,80.070099
JAI,26.824200,75.812202
JAN,32.311199,-90.075897
JAU,-11.783100,-75.473396
JAV,69.243202,-51.057098
JAX,30.492469,-81.687813
JBB,-8.242494,113.693476
JBK,44.166086,89.550140
JBQ,18.572500,-69.985603
JBR,35.831699,-90.646400
JCH,68.822816,-51.173447
JCK,-20.668301,141.723007
JCL,48.948171,14.428320
JCU,35.892657,-5.306321
JDF,-21.791482,-43.386072
JDH,26.251101,73.048897
JDO,-7.219320,-39.269096
JDZ,29.338600,117.176003
JED,21.680241,39.157436
JEE,18.663099,-74.170303
JEG,68.721802,-52.784698
JEJ,7.565350,168.962006
JER,49.207901,-2.195510
JFK,40.639447,-73.779317
JFR,62.014736,-49.670937
JGA,22.465500,70.012604
JGB,19.074301,82.036797
JGD,50.371389,124.117500
JGN,39.859052,98.339344
JGO,69.251182,-53.514876
JGR,61.228960,-48.096980
JGS,26.856899,114.737000
JHB,1.641310,103.669998
JHG,21.974648,100.762224
JHM,20.962900,-156.673004
JHS,66.951302,-53.729301
JIB,11.547300,43.159500
JIC,38.542222,102.348333
JIJ,9.331907,42.911811
JIK,37.682701,26.347099
JIM,7.666090,36.816601
JIO,-8.140683,127.909669
JIQ,29.513333,108.831111
JIU,29.476944,115.801111
JJD,-2.906425,-40.357338
JJG,-28.675300,-49.059600
JJM,0.165083,38.195141
JJN,24.795855,118.588599
JJU,60.763830,-46.065001
JKG,57.757599,14.068700
JKH,38.343201,26.140600
JKL,36.963299,26.940599
JKR,26.708799,85.922401
JLG,20.962678,75.627492
JLN,37.151798,-94.498299
JLR,23.177799,80.052002
JMJ,22.417733,99.784012
JMK,37.435101,25.348101
JMO,28.780426,83.723000
JMS,46.929699,-98.678200
JMU,46.842793,130.464260
JNB,-26.140081,28.246801
JNG,35.647358,116.743269
JNH,30.698056,120.663056
JNN,60.141884,-45.232977
JNS,60.917283,-46.059923
JNU,58.354935,-134.574416
JNX,37.081100,25.368099
JNZ,40.936032,121.277114
JOE,62.658815,29.619398
JOG,-7.788180,110.431999
JOI,-26.224501,-48.797401
JOL,6.053670,121.011002
JOS,9.639830,8.869050
JPA,-7.148691,-34.950554
JPE,-3.019798,-47.316474
JPR,-10.870743,-61.846675
JQA,70.734200,-52.696201
JRA,40.755107,-74.006896
JRG,21.913500,84.050400
JRH,26.730456,94.175416
JRO,-3.427049,37.073530
JSA,26.888700,70.864998
JSH,35.216099,26.101299
JSI,39.177101,23.503700
JSJ,47.108248,132.657920
JSK,25.654757,57.801718
JSR,23.183800,89.160797
JST,40.316101,-78.833900
JSU,65.412498,-52.939400
JSY,37.422798,24.950899
JTC,-22.160755,-49.070325
JTR,36.400045,25.478638
JTY,36.579899,26.375799
JUB,4.872010,31.601101
JUH,30.740300,117.685600
JUI,53.681421,7.056398
JUJ,-24.392799,-65.097801
JUK,71.049438,-51.890016
JUL,-15.467689,-70.156530
JUM,29.274200,82.193298
JUU,71.538769,-53.205038
JUV,72.790199,-56.130600
JUZ,28.966130,118.898793
JXA,45.293000,131.193000
JYV,62.399502,25.678301
JZH,32.853333,103.682222
KAA,-10.210169,31.123045
KAB,-16.519800,28.885000
KABE,40.651773,-75.442797
KABI,32.411301,-99.681900
KABQ,35.039976,-106.608925
KABR,45.449100,-98.421799
KABY,31.532946,-84.196215
KAC,37.020599,41.191399
KACK,41.253101,-70.060204
KACT,31.611300,-97.230499
KACV,40.978101,-124.109000
KACY,39.456201,-74.577511
KAD,10.696000,7.320110
KAE,56.973000,-133.945999
KAEX,31.325828,-92.546702
KAGS,33.369900,-81.964500
KAI,5.177349,-59.488980
KAIA,42.052543,-102.803965
KAJ,64.285500,27.692400
KAL,64.318640,-158.741970
KALB,42.748299,-73.801697
KALO,42.557098,-92.400299
KALS,37.434898,-105.866997
KALW,46.094898,-118.288002
KAMA,35.217857,-101.706444
KAN,12.045613,8.523566
KAO,65.987602,29.239401
KAOO,40.296398,-78.320000
KAPN,45.078098,-83.560303
KART,43.991901,-76.021698
KASE,39.223202,-106.869003
KAT,-35.069837,173.287053
KATL,33.636700,-84.428101
KATW,44.258515,-88.519000
KATY,44.914001,-97.154701
KAUG,44.320599,-69.797302
KAUS,30.197535,-97.662015
KAVL,35.435488,-82.541853
KAVP,41.337064,-75.724232
KAW,10.049300,98.538002
KAWO,48.161448,-122.158442
KAX,-27.692813,114.259169
KAZO,42.232105,-85.549637
KBBG,36.532082,-93.200544
KBC,66.274002,-145.824005
KBDL,41.938555,-72.688016
KBED,42.470001,-71.289001
KBFD,41.803101,-78.640099
KBFF,41.874001,-103.596001
KBFI,47.527042,-122.299950
KBFL,35.433601,-119.056999
KBGM,42.208698,-75.979797
KBGR,44.806364,-68.826668
KBHB,44.450001,-68.361504
KBHM,33.562877,-86.750712
KBID,41.168446,-71.578631
KBIH,37.373100,-118.363998
KBIL,45.808932,-108.541242
KBIS,46.772734,-100.746874
KBJC,39.908798,-105.116997
KBKW,37.787300,-81.124199
KBL,34.565899,69.212303
KBLI,48.792801,-122.538002
KBLV,38.545200,-89.835197
KBMI,40.477100,-88.915901
KBNA,36.124500,-86.678200
KBOI,43.564400,-116.223000
KBOS,42.361970,-71.007900
KBPT,29.950800,-94.020699
KBQK,31.258801,-81.466499
KBR,6.166850,102.292999
KBRD,46.402861,-94.129727
KBRL,40.783199,-91.125504
KBRO,25.907238,-97.425235
KBTM,45.954800,-112.497002
KBTR,30.533199,-91.149597
KBTV,44.471901,-73.153297
KBU,-3.294796,116.163815
KBUF,42.940498,-78.732201
KBUR,34.202834,-118.358050
KBV,8.095591,98.988955
KBVU,35.947161,-114.858799
KBWI,39.175400,-76.668297
KBZN,45.778853,-111.153711
KCA,41.677856,82.872917
KCAE,33.938172,-81.123022
KCAK,40.916100,-81.442200
KCC,56.012586,-132.835093
KCCR,37.989700,-122.056999
KCDC,37.701000,-113.098999
KCDR,42.837601,-103.095001
KCEC,41.778929,-124.236403
KCEZ,37.303001,-108.627998
KCG,56.311501,-158.373001
KCGI,37.225300,-89.570801
KCH,1.487364,110.352859
KCHA,35.035301,-85.203796
KCHO,38.138599,-78.452904
KCHS,32.896159,-80.038151
KCID,41.884701,-91.710800
KCIU,46.242038,-84.462082
KCKB,39.296600,-80.228104
KCLE,41.411701,-81.849800
KCLL,30.588600,-96.363800
KCLT,35.214001,-80.943100
KCM,37.538826,36.953522
KCMH,39.998001,-82.891899
KCMI,40.039819,-88.276249
KCMX,47.168400,-88.489098
KCNM,32.337502,-104.263000
KCNY,38.755001,-109.754997
KCOD,44.520199,-109.024002
KCOS,38.805801,-104.700996
KCOU,38.818100,-92.219597
KCPR,42.907381,-106.461609
KCQ,56.255001,-158.774994
KCRP,27.770399,-97.501198
KCRQ,33.128300,-117.279999
KCRW,38.373100,-81.593201
KCSG,32.516415,-84.939602
KCT,5.993680,80.320297
KCVG,39.048801,-84.667801
KCVN,34.426594,-103.078794
KCVX,45.304798,-85.274803
KCWA,44.777448,-89.670238
KCY,56.177584,92.545881
KCYS,41.155701,-104.811997
KCZ,33.545217,133.670166
KDAB,29.182550,-81.059464
KDAL,32.844776,-96.847653
KDAY,39.902401,-84.219398
KDBQ,42.402000,-90.709503
KDCA,38.852100,-77.037697
KDD,27.790600,66.647301
KDDC,37.763401,-99.965599
KDEC,39.834599,-88.865700
KDEN,39.860027,-104.673792
KDFW,32.896801,-97.038002
KDH,31.505769,65.847963
KDHN,31.321301,-85.449600
KDI,-4.081610,122.417999
KDIK,46.797533,-102.801905
KDJT,26.683201,-80.095596
KDL,58.990799,22.830700
KDLH,46.841873,-92.198746
KDM,0.488131,72.996902
KDO,1.859170,73.521896
KDOV,39.129501,-75.466003
KDRO,37.151501,-107.753998
KDSM,41.534027,-93.656719
KDTS,30.400101,-86.471497
KDTW,42.213770,-83.353786
KDU,35.338660,75.538648
KDUJ,41.178299,-78.898697
KDV,-19.058100,178.156998
KDVL,48.115454,-98.908796
KDZ,7.325100,80.642200
KEAR,40.727001,-99.006798
KEAT,47.398899,-120.207001
KEAU,44.865799,-91.484299
KEB,59.352100,-151.925003
KECP,30.357106,-85.795414
KEDC,30.398049,-97.566909
KEF,63.985001,-22.605600
KEGE,39.642601,-106.917999
KEH,47.754799,-122.259003
KEJ,55.270100,86.107201
KEKO,40.824902,-115.792000
KELD,33.221001,-92.813301
KELM,42.159901,-76.891602
KELP,31.809908,-106.375607
KEM,65.778702,24.582100
KEP,28.103600,81.667000
KER,30.271276,56.949692
KERI,42.083127,-80.173867
KESC,45.723199,-87.088623
KET,21.301600,99.636002
KEUG,44.124599,-123.211998
KEVV,38.036999,-87.532402
KEW,52.991100,-92.836403
KEWB,41.676102,-70.956902
KEWN,35.073002,-77.042900
KEWR,40.689400,-74.170545
KEYW,24.556119,-81.759579
KFAR,46.920700,-96.815804
KFAT,36.775767,-119.718018
KFAY,34.991199,-78.880302
KFG,-17.431900,130.807999
KFHR,48.523654,-123.024645
KFLG,35.139757,-111.669826
KFLL,26.072599,-80.152702
KFLO,34.185398,-79.723900
KFNT,42.969294,-83.743355
KFOD,42.552624,-94.191237
KFP,54.847510,-163.407168
KFS,41.314201,33.795799
KFSD,43.585463,-96.741152
KFSM,35.336601,-94.367401
KFTW,32.819919,-97.360818
KFWA,40.978896,-85.194465
KGA,-5.900050,22.469200
KGC,-35.713902,137.520996
KGCC,44.348900,-105.539001
KGCK,37.927502,-100.723999
KGCN,35.952400,-112.147003
KGD,54.891610,20.598559
KGDV,47.137658,-104.806910
KGE,-7.330500,157.585000
KGEG,47.619900,-117.533997
KGF,49.670799,73.334396
KGFK,47.949299,-97.176102
KGGG,32.383999,-94.711502
KGGW,48.212502,-106.614998
KGI,-30.791543,121.464586
KGJT,39.126663,-108.529387
KGK,59.726601,-157.259003
KGL,-1.968630,30.139500
KGLH,33.482899,-90.985603
KGNV,29.690100,-82.271797
KGP,62.190399,74.533798
KGPI,48.310501,-114.255997
KGPT,30.405582,-89.069836
KGQ,72.381092,-55.536586
KGRB,44.483459,-88.130805
KGRI,40.967499,-98.309601
KGRK,31.067200,-97.828903
KGRR,42.880798,-85.522797
KGS,36.794523,27.091150
KGSO,36.099370,-79.937262
KGSP,34.895699,-82.218903
KGT,30.142464,101.738720
KGTF,47.481998,-111.371002
KGTR,33.450298,-88.591400
KGUC,38.534672,-106.934566
KGUP,35.511653,-108.788166
KGX,62.895187,-160.066289
KGYY,41.617087,-87.413206
KHD,33.435398,48.282902
KHDN,40.481201,-107.218002
KHG,39.542273,76.020230
KHGR,39.708771,-77.728014
KHH,22.577101,120.349998
KHHR,33.922798,-118.334999
KHI,24.906500,67.160797
KHIB,47.384831,-92.836905
KHII,34.570506,-114.357745
KHK,29.260503,50.322193
KHLN,46.606800,-111.983002
KHM,25.988300,95.674400
KHN,28.864815,115.902710
KHOB,32.687500,-103.217003
KHOT,34.478800,-93.096262
KHOU,29.645336,-95.276812
KHPN,41.067001,-73.707603
KHRL,26.228500,-97.654404
KHRO,36.261501,-93.154701
KHS,26.171000,56.240601
KHSV,34.636244,-86.774378
KHT,33.284605,69.807340
KHTS,38.366699,-82.557999
KHV,48.528338,135.188588
KHVN,41.262869,-72.887694
KHVR,48.541387,-109.762859
KHX,-0.716500,29.699700
KHXD,32.224400,-80.697502
KHYA,41.669300,-70.280403
KHYS,38.844521,-99.273148
KHZ,-15.780622,-145.128443
KIAD,38.944500,-77.455803
KIAG,43.107300,-78.946198
KIAH,29.984400,-95.341400
KICT,37.650314,-97.428583
KIDA,43.514599,-112.070999
KIE,-6.305727,155.728249
KIF,53.012501,-89.855301
KIH,26.525427,53.980462
KIJ,37.954166,139.112189
KIK,35.469501,44.348900
KILG,39.678699,-75.606499
KILM,34.272345,-77.905117
KIM,-28.805401,24.764872
KIMT,45.819110,-88.114557
KIN,17.935699,-76.787498
KIND,39.717300,-86.294403
KINL,48.566200,-93.403099
KIO,5.643860,169.124586
KIPL,32.835390,-115.574026
KIPT,41.242126,-76.922450
KIR,52.180901,-9.523780
KIRK,40.093498,-92.544899
KIS,-0.086139,34.728901
KISP,40.796324,-73.101703
KIT,36.273978,23.016719
KITH,42.491001,-76.458397
KIWA,33.307800,-111.654999
KIWD,46.525298,-90.131578
KIX,34.427299,135.244003
KJA,56.175743,92.485788
KJAC,43.607300,-110.737999
KJAN,32.311199,-90.075897
KJAX,30.492469,-81.687813
KJB,15.716288,78.169230
KJBR,35.831699,-90.646400
KJFK,40.639447,-73.779317
KJH,26.972000,107.988000
KJI,48.222300,86.995900
KJLN,37.151798,-94.498299
KJMS,46.929699,-98.678200
KJQF,35.387798,-80.709099
KJST,40.316101,-78.833900
KJT,-6.647384,108.165561
KKA,64.939499,-161.154007
KKB,58.190899,-152.369995
KKC,16.466600,102.783997
KKE,-35.259148,173.913317
KKH,59.960800,-162.880997
KKI,60.913809,-161.493329
KKJ,33.845901,131.035004
KKN,69.725800,29.891300
KKR,-15.663300,-146.884995
KKS,33.895302,51.577000
KKW,-5.035770,18.785601
KKX,28.321301,129.927994
KLAF,40.412875,-86.939363
KLAL,27.989267,-82.020715
KLAN,42.777582,-84.585721
KLAR,41.312099,-105.675003
KLAS,36.083361,-115.151817
KLAW,34.567699,-98.416603
KLAX,33.942501,-118.407997
KLBB,33.663601,-101.822998
KLBE,40.275902,-79.404800
KLBF,41.126202,-100.683998
KLBL,37.044201,-100.959999
KLCH,30.126101,-93.223297
KLCK,39.813801,-82.927803
KLEB,43.626099,-72.304199
KLEX,38.035066,-84.606738
KLFT,30.205299,-91.987602
KLG,61.536301,-160.341003
KLGA,40.777199,-73.872597
KLGB,33.816523,-118.149891
KLH,16.664700,74.289398
KLIT,34.729222,-92.223591
KLN,57.535160,-153.976455
KLNK,40.844882,-96.761780
KLNS,40.121700,-76.296097
KLO,11.679400,122.375999
KLP,-3.376062,112.536521
KLR,56.685501,16.287600
KLRD,27.543800,-99.461601
KLRU,32.289398,-106.921997
KLSE,43.879002,-91.256699
KLU,46.642502,14.337700
KLUK,39.102357,-84.418945
KLV,50.202999,12.915000
KLW,55.579201,-133.076004
KLWB,37.857914,-80.400438
KLWS,46.374500,-117.014999
KLX,37.068298,22.025499
KLYH,37.326698,-79.200401
KMA,-7.963610,145.770996
KMAF,31.942499,-102.202003
KMBL,44.272707,-86.246495
KMBS,43.533181,-84.083104
KMC,27.900900,45.528198
KMCE,37.284698,-120.514000
KMCI,39.301699,-94.713893
KMCK,40.207787,-100.592794
KMCN,32.692799,-83.649200
KMCO,28.429399,-81.308998
KMCW,43.159801,-93.329716
KMDT,40.192838,-76.762333
KMDW,41.785999,-87.752403
KME,-2.462240,28.907900
KMEI,32.332600,-88.751900
KMEM,35.043845,-89.976340
KMFE,26.176141,-98.237965
KMFR,42.374199,-122.873001
KMG,25.110313,102.936743
KMGC,41.703300,-86.821198
KMGM,32.300598,-86.393997
KMGW,39.643305,-79.917598
KMHK,39.140999,-96.670799
KMHT,42.932598,-71.435699
KMI,31.877199,131.449005
KMIA,25.796011,-80.289751
KMJ,32.837299,130.854996
KMKE,42.947201,-87.896599
KMKG,43.169498,-86.238197
KMKL,35.599899,-88.915604
KMLB,28.102009,-80.641088
KMLI,41.448502,-90.507500
KMLU,32.510899,-92.037697
KMMH,37.625381,-118.843060
KMN,-8.728878,24.991407
KMO,58.932056,-158.901886
KMOB,30.691200,-88.242798
KMOT,48.258010,-101.279123
KMQ,36.393407,136.406895
KMRY,36.586777,-121.844183
KMS,6.714560,-1.590820
KMSL,34.745123,-87.612981
KMSN,43.139900,-89.337502
KMSO,46.915816,-114.091107
KMSP,44.880081,-93.221741
KMSS,44.936157,-74.844304
KMSY,29.993401,-90.264673
KMTJ,38.509800,-107.893997
KMTP,41.076500,-71.920797
KMVY,41.393101,-70.614304
KMW,57.796902,41.019402
KMWA,37.751208,-89.016568
KMWL,32.781601,-98.060204
KMY,57.025600,-154.145996
KMYL,44.888837,-116.101112
KMYR,33.679699,-78.928299
KND,-2.919180,25.915400
KNG,-3.644600,133.695116
KNH,24.427900,118.359001
KNK,59.433248,-154.802170
KNO,3.637847,98.870566
KNQ,-21.053551,164.838768
KNS,-39.877499,143.878006
KNU,26.404301,80.410103
KNW,59.451838,-157.373829
KNX,-15.778100,128.707993
KNYL,32.650938,-114.609375
KOA,19.738783,-156.045603
KOAJ,34.829201,-77.612099
KOAK,37.720085,-122.221184
KOC,-20.546323,164.255648
KOE,-10.171600,123.670998
KOGD,41.195900,-112.012001
KOGS,44.681900,-75.465500
KOI,58.957903,-2.905077
KOJ,31.803400,130.718994
KOK,63.721199,23.143101
KOKC,35.393388,-97.598248
KOLF,48.094501,-105.574997
KOLM,46.969399,-122.903000
KOMA,41.303200,-95.894096
KONT,34.056000,-117.600998
KOP,17.383801,104.642998
KOPF,25.907000,-80.278397
KORD,41.978600,-87.904800
KORF,36.895341,-76.201000
KORH,42.267300,-71.875702
KORS,48.708199,-122.910004
KOS,10.570557,103.632067
KOT,63.030602,-163.533005
KOTH,43.417099,-124.246002
KOV,53.329102,69.594597
KOW,25.853333,114.778889
KOWB,37.740101,-87.166801
KOXB,38.310398,-75.124001
KOY,57.161499,-154.229996
KOZ,57.942094,-152.464314
KPAE,47.906300,-122.281998
KPAH,37.060799,-88.773804
KPB,56.351898,-133.623001
KPBG,44.650902,-73.468102
KPCW,41.515647,-82.868328
KPDK,33.876330,-84.302130
KPDT,45.695099,-118.841003
KPDX,45.588699,-122.598000
KPGA,36.924234,-111.447716
KPGD,26.920200,-81.990501
KPGV,35.635535,-77.384262
KPHF,37.131901,-76.492996
KPHL,39.871899,-75.241096
KPHX,33.435302,-112.005905
KPIA,40.663841,-89.692631
KPIB,31.467100,-89.337097
KPIE,27.910200,-82.687401
KPIH,42.909801,-112.596001
KPIR,44.382702,-100.286003
KPIT,40.491501,-80.232903
KPKB,39.345100,-81.439201
KPLN,45.570900,-84.796700
KPN,59.931796,-164.028196
KPNS,30.472718,-87.186639
KPO,35.987955,129.420383
KPQI,46.688999,-68.044800
KPR,58.490101,-152.582001
KPRC,34.653502,-112.419883
KPSC,46.264702,-119.119003
KPSM,43.077900,-70.823303
KPSP,33.829700,-116.507004
KPUB,38.289101,-104.497002
KPUW,46.741601,-117.111630
KPV,55.906500,-159.160910
KPVD,41.725038,-71.425668
KPVU,40.218894,-111.722445
KPW,67.845001,166.139999
KPWM,43.646198,-70.309303
KPY,57.931257,-153.040838
KQA,54.144590,-165.604332
KQH,26.591007,74.812956
KQR,-29.217223,116.687154
KQT,37.866315,68.864475
KRAP,44.045300,-103.056999
KRB,-17.456699,140.830002
KRC,-2.094042,101.470250
KRDD,40.508999,-122.292999
KRDM,44.254101,-121.150002
KRDU,35.878659,-78.787300
KRE,-2.544772,30.094575
KRF,63.048599,17.768900
KRFD,42.195400,-89.097198
KRHI,45.631199,-89.467499
KRI,-7.424380,144.250076
KRIC,37.505199,-77.319702
KRIW,43.064201,-108.459999
KRK,50.077702,19.784800
KRKD,44.060101,-69.099197
KRKS,41.594200,-109.065001
KRL,41.614979,86.140817
KRN,67.821999,20.336800
KRNO,39.499100,-119.767998
KRO,55.475300,65.415604
KROA,37.325500,-79.975403
KROC,43.118900,-77.672401
KROW,33.301601,-104.530998
KRP,56.297139,9.104311
KRR,45.034465,39.174215
KRS,58.204201,8.085370
KRST,43.908298,-92.500000
KRSW,26.534685,-81.752816
KRT,15.589500,32.553200
KRUT,43.529400,-72.949600
KRW,40.062833,53.005085
KRY,45.466550,84.952700
KSA,5.356980,162.957993
KSAF,35.617100,-106.088997
KSAN,32.733601,-117.190002
KSAT,29.533701,-98.469803
KSAV,32.126591,-81.199980
KSAW,46.351498,-87.395884
KSBA,34.426201,-119.839996
KSBD,34.096717,-117.236596
KSBN,41.708304,-86.316922
KSBP,35.236801,-120.641998
KSBY,38.340500,-75.510300
KSC,48.663101,21.241100
KSCK,37.893279,-121.238079
KSD,59.444698,13.337400
KSDF,38.170600,-85.735076
KSDY,47.705141,-104.194422
KSEA,47.447943,-122.310276
KSF,51.418395,9.391638
KSFB,28.774277,-81.234626
KSFO,37.619806,-122.374821
KSGF,37.245047,-93.388596
KSGJ,29.959200,-81.339798
KSGU,37.036389,-113.510306
KSH,34.345901,47.158100
KSHD,38.263802,-78.896400
KSHR,44.769199,-106.980003
KSHV,32.444747,-93.826741
KSJ,35.421398,26.910000
KSJC,37.362452,-121.929188
KSJT,31.357700,-100.496002
KSJX,45.692299,-85.566597
KSKX,36.452494,-105.677490
KSL,15.387500,36.328800
KSLC,40.788860,-111.979866
KSLE,44.909500,-123.002998
KSLK,44.386910,-74.204629
KSLN,38.791000,-97.652199
KSM,62.060501,-163.302002
KSMF,38.695400,-121.591003
KSMN,45.122233,-113.881960
KSMX,34.898899,-120.457001
KSN,53.206902,63.550301
KSNA,33.675063,-117.869281
KSO,40.446301,21.282200
KSOW,34.264062,-110.007091
KSPI,39.844101,-89.677902
KSPS,33.988800,-98.491898
KSQ,38.802246,65.773068
KSQL,37.513130,-122.250838
KSR,-6.179210,120.437479
KSRQ,27.394631,-82.554359
KSTC,45.546600,-94.059898
KSTL,38.748697,-90.370003
KSTS,38.508999,-122.813003
KSU,63.111801,7.824520
KSUN,43.504398,-114.295998
KSUX,42.397605,-96.382237
KSVC,32.636701,-108.154736
KSWF,41.504210,-74.108901
KSWO,36.162132,-97.085581
KSY,40.562199,43.115002
KSYR,43.111198,-76.106300
KSZ,61.235802,46.697498
KTA,-20.712200,116.773003
KTB,55.682762,-132.532883
KTBN,37.741600,-92.140701
KTD,25.944700,131.326996
KTEB,40.850101,-74.060799
KTEX,37.953800,-107.907997
KTG,-1.817165,109.963469
KTI,11.359987,104.921272
KTIW,47.267407,-122.577295
KTLH,30.401209,-84.354330
KTM,27.696600,85.359100
KTN,55.355598,-131.714004
KTOL,41.586800,-83.807800
KTP,17.988600,-76.823799
KTPA,27.975500,-82.533203
KTRI,36.475201,-82.407401
KTRK,39.318628,-120.140562
KTS,65.331826,-166.467848
KTT,67.700996,24.846800
KTTN,40.276699,-74.813499
KTUL,36.197084,-95.886225
KTUP,34.268101,-88.769897
KTUS,32.115004,-110.938053
KTVC,44.741402,-85.582199
KTVF,48.065701,-96.184998
KTW,50.476015,19.080705
KTWF,42.481800,-114.487999
KTXK,33.453701,-93.990997
KTYR,32.354099,-95.402397
KTYS,35.811001,-83.994003
KUA,3.775390,103.209000
KUD,6.924111,116.837068
KUF,53.504902,50.164299
KUG,-10.226480,142.219619
KUH,43.041000,144.192993
KUIN,39.942699,-91.194603
KUK,60.872747,-162.524700
KUL,2.745580,101.709999
KUM,30.385599,130.658997
KUN,54.963965,24.085820
KUNV,40.849374,-77.848520
KUO,63.007099,27.797800
KUS,65.573601,-37.123600
KUT,42.177448,42.485353
KUU,31.876699,77.154404
KUUU,41.532207,-71.281039
KUV,35.903801,126.615997
KUZ,65.863935,-36.997919
KVA,40.913300,24.619200
KVC,55.116299,-162.266006
KVCT,28.852600,-96.918503
KVEL,40.436214,-109.511661
KVG,-2.579400,150.807999
KVK,67.462851,33.585294
KVL,67.734565,-164.559917
KVLD,30.782499,-83.276703
KVM,64.665446,170.417626
KVO,43.817519,20.586662
KVPS,30.481315,-86.515839
KVRB,27.655600,-80.417901
KVX,58.503883,49.347831
KWA,8.720120,167.731995
KWB,-5.800910,110.478380
KWE,26.541805,106.804020
KWI,29.224487,47.969813
KWJ,35.123173,126.805444
KWK,59.876499,-163.169005
KWL,25.219828,110.039553
KWM,-15.485369,141.752572
KWN,59.755100,-161.845000
KWP,57.770100,-153.548996
KWST,41.349602,-71.803398
KWT,60.790298,-161.444000
KWYS,44.688400,-111.117996
KWZ,-10.765900,25.505699
KXA,55.537399,-132.397995
KXB,-4.338158,121.524047
KXF,-17.345800,179.421997
KXK,50.409000,136.934006
KXNA,36.281898,-94.306801
KXO,-1.283700,29.719700
KXWA,48.260863,-103.751160
KYA,37.979000,32.561901
KYD,22.027000,121.535004
KYK,57.565919,-154.453762
KYKM,46.568199,-120.543999
KYP,19.426399,93.534798
KYS,14.482521,-11.399335
KYU,64.876099,-157.727005
KYZ,51.669399,94.400597
KZB,57.553001,-153.746052
KZI,40.286098,21.840799
KZN,55.606201,49.278702
KZO,44.706902,65.592499
KZR,39.111107,30.130405
KZS,36.141701,29.576401
LAD,-8.858370,13.231200
LAE,-6.567995,146.726544
LAF,40.412875,-86.939363
LAJ,-27.782101,-50.281502
LAK,68.223297,-135.005990
LAL,27.989267,-82.020715
LAN,42.777582,-84.585721
LAO,18.175089,120.531006
LAP,24.072331,-110.362662
LAQ,32.789036,21.954864
LAR,41.312099,-105.675003
LAS,36.083361,-115.151817
LATI,41.414700,19.720600
LAU,-2.252431,40.912892
LAW,34.567699,-98.416603
LAX,33.942501,-118.407997
LBA,53.865898,-1.660570
LBB,33.663601,-101.822998
LBBG,42.569917,27.515173
LBC,53.805401,10.719200
LBD,40.215401,69.694702
LBE,40.275902,-79.404800
LBF,41.126202,-100.683998
LBH,-33.587100,151.323400
LBJ,-8.480694,119.888306
LBL,37.044201,-100.959999
LBP,3.202138,115.401811
LBPD,42.067799,24.850800
LBR,-7.278970,-64.769501
LBS,-16.466700,179.339996
LBSF,42.696357,23.417671
LBU,5.301667,115.248333
LBV,0.458951,9.412140
LBW,3.900495,115.690089
LBWN,43.232101,27.825100
LCA,34.875099,33.624901
LCE,15.742500,-86.852997
LCEN,35.153064,33.507352
LCG,43.302101,-8.377260
LCH,30.126101,-93.223297
LCJ,51.721901,19.398100
LCK,39.813801,-82.927803
LCLK,34.875099,33.624901
LCPH,34.717999,32.485699
LCR,-1.456361,-72.801086
LCX,25.675920,116.745907
LCY,51.505299,0.055278
LDB,-23.334375,-51.128365
LDDU,42.562247,18.265543
LDE,43.178699,-0.006439
LDG,64.896004,45.723000
LDH,-31.538204,159.075460
LDOS,45.462355,18.811278
LDPL,44.893501,13.922200
LDRI,45.216376,14.570850
LDS,47.752056,129.019125
LDSB,43.284454,16.678362
LDSP,43.538898,16.298000
LDU,5.032410,118.323760
LDX,5.481891,-54.034964
LDY,55.042801,-7.161110
LDZA,45.742901,16.068800
LDZD,44.096986,15.353565
LEA,-22.235201,114.090024
LEAG,36.128820,-5.441079
LEAL,38.282200,-0.558156
LEAM,36.843899,-2.370100
LEAS,43.563599,-6.034620
LEB,43.626099,-72.304199
LEBA,37.841999,-4.848880
LEBB,43.301102,-2.910610
LEBL,41.297100,2.078460
LEBZ,38.891300,-6.821330
LEC,-12.482300,-41.277000
LECH,40.213889,0.073333
LECO,43.302101,-8.377260
LED,59.800301,30.262501
LEDA,41.728185,0.535023
LEGE,41.904639,2.761774
LEGR,37.188702,-3.777360
LEI,36.843899,-2.370100
LEIB,38.872898,1.373120
LEJ,51.420657,12.232705
LEJR,36.744598,-6.060110
LEL,-12.498900,135.806000
LELN,42.590709,-5.653406
LEMD,40.493407,-3.572249
LEMG,36.674900,-4.499110
LEMH,39.862598,4.218650
LEMI,37.802852,-1.124884
LEN,42.590709,-5.653406
LEPA,39.551701,2.738810
LEPP,42.770000,-1.646330
LEQ,50.102798,-5.670560
LER,-27.843300,120.703003
LERJ,42.460953,-2.322235
LERS,41.147509,1.168354
LESA,40.952099,-5.501990
LESO,43.356499,-1.790610
LEST,42.896301,-8.415140
LESU,42.338600,1.409170
LET,-4.191147,-69.942003
LEU,42.338600,1.409170
LEV,-17.711100,178.759003
LEVC,39.489162,-0.480961
LEVD,41.706100,-4.851940
LEVT,42.882801,-2.724470
LEVX,42.231800,-8.626770
LEX,38.035066,-84.606738
LEXJ,43.427101,-3.820010
LEZG,41.666199,-1.041550
LEZL,37.417999,-5.893110
LFBD,44.828650,-0.715356
LFBE,44.825298,0.518611
LFBH,46.179199,-1.195280
LFBI,46.587700,0.306666
LFBL,45.862801,1.179440
LFBO,43.629101,1.363820
LFBP,43.380001,-0.418611
LFBT,43.178699,-0.006439
LFBZ,43.468372,-1.523223
LFCK,43.556301,2.289180
LFCR,44.407902,2.482670
LFEC,48.463200,-5.063580
LFGJ,47.038955,5.427589
LFHP,45.080700,3.762890
LFJL,48.982101,6.251320
LFKB,42.552700,9.483730
LFKC,42.530422,8.792984
LFKF,41.501850,9.097092
LFKJ,41.923599,8.802920
LFLB,45.638100,5.880230
LFLC,45.786701,3.169170
LFLL,45.725996,5.090139
LFLP,45.928947,6.098700
LFLS,45.362900,5.329370
LFLW,44.891399,2.421940
LFM,27.372700,53.188801
LFMK,43.216000,2.306320
LFML,43.438088,5.212500
LFMN,43.658401,7.215870
LFMP,42.740398,2.870670
LFMT,43.576199,3.963010
LFMU,43.323502,3.353900
LFMV,43.907299,4.901830
LFOB,49.454399,2.112780
LFOK,48.773330,4.206110
LFOT,47.432201,0.727606
LFPG,49.008960,2.554117
LFPO,48.729499,2.358963
LFQ,36.132629,111.641236
LFQQ,50.566564,3.102429
LFRB,48.447899,-4.418540
LFRG,49.365237,0.154481
LFRK,49.176780,-0.454883
LFRN,48.069500,-1.734790
LFRS,47.153198,-1.610730
LFSB,47.600680,7.521117
LFSL,45.039722,1.485556
LFST,48.538300,7.628230
LFT,30.205299,-91.987602
LFTH,43.097301,6.146030
LFTW,43.757401,4.416350
LFTZ,43.205399,6.482000
LFVM,47.095501,-56.380299
LFVP,46.762651,-56.174990
LFW,6.165610,1.254510
LGA,40.777199,-73.872597
LGAL,40.855900,25.956301
LGAV,37.936401,23.944500
LGB,33.816523,-118.149891
LGBL,39.219601,22.794300
LGG,50.638574,5.443897
LGHI,38.343201,26.140600
LGI,23.179001,-75.093597
LGIK,37.682701,26.347099
LGIO,39.696400,20.822500
LGIR,35.339699,25.180300
LGK,6.329730,99.728699
LGKA,40.446301,21.282200
LGKC,36.273978,23.016719
LGKF,38.120098,20.500500
LGKJ,36.141701,29.576401
LGKL,37.068298,22.025499
LGKO,36.794523,27.091150
LGKP,35.421398,27.146000
LGKR,39.601450,19.912179
LGKS,35.421398,26.910000
LGKV,40.913300,24.619200
LGKY,36.963299,26.940599
LGKZ,40.286098,21.840799
LGL,3.421000,115.153999
LGLE,37.184898,26.800301
LGLM,39.917099,25.236300
LGMK,37.435101,25.348101
LGML,36.696899,24.476900
LGMT,39.057406,26.598629
LGNX,37.081100,25.368099
LGPA,37.020495,25.113195
LGPL,36.579899,26.375799
LGPZ,38.925499,20.765301
LGRP,36.405399,28.086201
LGRX,38.151100,21.425600
LGSA,35.531207,24.150673
LGSK,39.177101,23.503700
LGSM,37.689999,26.911699
LGSO,37.422798,24.950899
LGSR,36.400045,25.478638
LGST,35.216099,26.101299
LGSY,38.967602,24.487200
LGTS,40.519280,22.970009
LGW,51.148744,-0.185739
LGZ,28.422422,92.348082
LGZA,37.750900,20.884300
LHBP,47.430180,19.262393
LHDC,47.489469,21.616278
LHE,31.521601,74.403603
LHG,-29.452857,147.977146
LHL,39.883787,46.363137
LHPP,45.988891,18.242044
LHPR,47.628436,17.804718
LHR,51.470748,-0.459909
LHS,-46.538517,-68.965323
LHSM,46.686391,17.159084
LHW,36.515202,103.620003
LIBC,38.997200,17.080200
LIBD,41.138901,16.760599
LIBF,41.433596,15.534566
LIBP,42.431079,14.182981
LIBR,40.657600,17.947001
LICA,38.906214,16.246007
LICB,36.995830,14.608890
LICC,37.466801,15.066400
LICD,35.497898,12.618100
LICG,36.816502,11.968900
LICJ,38.175999,13.091000
LICR,38.071201,15.651600
LICT,37.911400,12.488000
LIDT,46.023333,11.125000
LIEA,40.632099,8.290770
LIEE,39.251499,9.054280
LIEO,40.898953,9.518457
LIF,-20.774563,167.239328
LIG,45.862801,1.179440
LIH,21.974393,-159.337146
LIK,9.823160,169.307999
LIL,50.566564,3.102429
LIM,-12.021900,-77.114305
LIMC,45.630600,8.728110
LIME,45.669362,9.708851
LIMF,45.200802,7.649630
LIMJ,44.412039,8.840732
LIML,45.445099,9.276740
LIMP,44.826351,10.297050
LIMZ,44.547458,7.623045
LIN,45.445099,9.276740
LINI,42.117775,15.490655
LIO,9.957960,-83.022003
LIPB,46.459245,11.326125
LIPE,44.535400,11.288700
LIPH,45.648399,12.194400
LIPK,44.194801,12.070100
LIPO,45.428902,10.330600
LIPQ,45.827862,13.466672
LIPR,44.020024,12.612198
LIPX,45.394955,10.887303
LIPY,43.616299,13.362300
LIPZ,45.505299,12.351900
LIR,10.593300,-85.544403
LIRA,41.798769,12.595331
LIRF,41.804532,12.251998
LIRI,40.620399,14.911300
LIRJ,42.760871,10.239811
LIRN,40.886002,14.290800
LIRP,43.683899,10.392700
LIRQ,43.808558,11.202822
LIRZ,43.095901,12.513200
LIS,38.781300,-9.135920
LIT,34.729222,-92.223591
LIW,19.691500,97.214798
LJG,26.677483,100.244944
LJLJ,46.223701,14.457600
LJMB,46.479900,15.686100
LJU,46.223701,14.457600
LKA,-8.274424,123.002000
LKB,-18.199200,-178.817001
LKCS,48.948171,14.428320
LKE,47.629002,-122.338997
LKI,2.411328,96.327722
LKKV,50.202999,12.915000
LKL,70.068802,24.973499
LKM,0.888550,124.033634
LKMT,49.696301,18.111099
LKN,68.152496,13.609400
LKO,26.760599,80.889297
LKPD,50.015049,15.739810
LKPR,50.100874,14.259911
LKTB,49.151276,16.693972
LLA,65.543800,22.122000
LLB,25.452500,107.961667
LLBG,32.011398,34.886700
LLER,29.727009,35.014116
LLF,26.338661,111.610043
LLHA,32.810219,35.043719
LLK,38.757919,48.807042
LLO,-3.082270,120.244823
LLU,60.464450,-45.569170
LLV,37.683333,111.142778
LLW,-13.789400,33.780998
LMA,63.886002,-152.302002
LMC,2.175650,-73.786740
LMM,25.685503,-109.081159
LMMG,36.027199,14.272800
LMML,35.845932,14.491546
LMN,4.808300,115.010002
LMP,35.497898,12.618100
LMY,-7.009920,141.494003
LNB,-16.584200,168.158997
LNE,-15.865600,168.171997
LNJ,23.738100,100.025002
LNK,40.844882,-96.761780
LNL,33.789918,105.790014
LNMC,43.725798,7.419673
LNO,-28.878099,121.315002
LNS,40.121700,-76.296097
LNU,3.575256,116.619769
LNV,-3.043610,152.628998
LNY,20.785675,-156.951324
LNZ,48.235362,14.188128
LOD,-15.306700,167.966995
LOE,17.439100,101.722000
LOH,-3.995606,-79.371902
LOO,33.764400,2.928340
LOP,-8.759962,116.278169
LOS,6.577370,3.321160
LOWG,46.991100,15.439600
LOWI,47.260201,11.344000
LOWK,46.642502,14.337700
LOWL,48.235362,14.188128
LOWS,47.793301,13.004300
LOWW,48.110298,16.569700
LPA,27.931900,-15.386600
LPAZ,36.971401,-25.170601
LPB,-16.510272,-68.189416
LPBG,41.857800,-6.707130
LPCR,39.671501,-31.113600
LPCS,38.724998,-9.355230
LPD,-1.324882,-69.581294
LPF,26.609417,104.979000
LPFL,39.455299,-31.131399
LPFR,37.015909,-7.970939
LPGR,39.092201,-28.029800
LPHR,38.519901,-28.715900
LPI,58.404909,15.684499
LPL,53.334863,-2.849637
LPLA,38.761799,-27.090799
LPM,-16.461123,167.829253
LPMA,32.697812,-16.774613
LPP,61.044601,28.144743
LPPD,37.741199,-25.697901
LPPI,38.554298,-28.441299
LPPM,37.149300,-8.583960
LPPR,41.248100,-8.681390
LPPS,33.073399,-16.350000
LPPT,38.781300,-9.135920
LPQ,19.904273,102.167191
LPS,48.483898,-122.938004
LPSJ,38.665501,-28.175800
LPT,18.270901,99.504204
LPU,1.706932,114.969934
LPVR,41.274300,-7.720470
LPVZ,40.725498,-7.888990
LPY,45.080700,3.762890
LQBK,44.941399,17.297501
LQM,-0.182278,-74.770800
LQMO,43.282489,17.846101
LQSA,43.824600,18.331499
LQTZ,44.459858,18.723627
LRAR,46.176136,21.264322
LRBC,46.521900,26.910299
LRBM,47.658444,23.464445
LRBS,44.503133,26.102944
LRBV,45.705580,25.522871
LRCK,44.362202,28.488300
LRCL,46.786042,23.685733
LRCV,44.318100,23.888599
LRD,27.543800,-99.461601
LRE,-23.432020,144.277492
LRH,46.179199,-1.195280
LRIA,47.179633,27.621431
LRM,18.452222,-68.911111
LROD,47.025299,21.902500
LROP,44.571792,26.103285
LRR,27.674700,54.383301
LRS,37.184898,26.800301
LRSB,45.785841,24.086666
LRSM,47.703300,22.885700
LRSV,47.687500,26.354099
LRTM,46.467701,24.412500
LRTR,45.809898,21.337900
LRU,32.289398,-106.921997
LRV,11.946935,-66.668333
LSA,-8.505820,151.080994
LSC,-29.916201,-71.199501
LSE,43.879002,-91.256699
LSG,29.438627,103.749218
LSGG,46.238098,6.108950
LSH,22.977900,97.752197
LSI,59.878899,-1.295560
LSP,11.780775,-70.151497
LSR,3.391456,97.863726
LST,-41.544935,147.210785
LSW,5.226680,96.950302
LSY,-28.830689,153.258419
LSZA,46.004299,8.910580
LSZB,46.912736,7.498819
LSZH,47.458056,8.548056
LSZR,47.485001,9.560770
LTAC,40.128101,32.995098
LTAI,36.898701,30.800501
LTAJ,36.947201,37.478699
LTAL,41.314201,33.795799
LTAN,37.979000,32.561901
LTAP,40.829399,35.521999
LTAR,39.813801,36.903500
LTAS,41.506401,32.088600
LTAT,38.435299,38.091000
LTAU,38.770401,35.495399
LTAW,40.324720,36.390560
LTAY,37.785599,29.701300
LTAZ,38.771900,34.534500
LTBF,39.619301,27.926001
LTBH,40.137699,26.426800
LTBJ,38.292400,27.157000
LTBR,40.255199,29.562599
LTBS,36.713100,28.792500
LTBU,41.138199,27.919100
LTBY,39.811644,30.519268
LTBZ,39.111107,30.130405
LTCA,38.597974,39.283480
LTCB,40.966872,38.085995
LTCC,37.893902,40.201000
LTCD,39.710201,39.527000
LTCE,39.956501,41.170200
LTCF,40.562199,43.115002
LTCG,40.995098,39.789700
LTCI,38.468201,43.332298
LTCJ,37.929001,41.116600
LTCK,38.747799,41.661201
LTCM,42.018313,35.071774
LTCN,37.538826,36.953522
LTCO,39.655642,43.025742
LTCP,37.731400,38.468899
LTCR,37.223301,40.631699
LTCS,37.445663,38.895592
LTCT,39.976627,43.876648
LTCU,38.860131,40.594489
LTCV,37.364700,42.058200
LTCW,37.549700,44.238100
LTD,30.145484,9.702095
LTDA,36.360790,36.285589
LTDB,36.891478,35.071235
LTFC,37.855400,30.368401
LTFD,39.552533,27.010192
LTFE,37.249314,27.664010
LTFG,36.298832,32.297017
LTFH,41.253988,36.567546
LTFJ,40.898602,29.309200
LTFM,41.274874,28.732136
LTFO,41.179766,40.848802
LTI,46.376400,96.221100
LTK,35.401100,35.948700
LTM,3.372760,-59.789398
LTN,51.874699,-0.368333
LTO,25.989549,-111.348408
LTT,43.205399,6.482000
LTU,18.411501,76.464699
LTX,-0.906833,-78.615799
LUA,27.686768,86.729479
LUD,-26.687401,15.242900
LUG,46.004299,8.910580
LUK,39.102357,-84.418945
LUKK,46.927740,28.931704
LUM,24.401100,98.531700
LUN,-15.330833,28.452722
LUP,21.211000,-156.973999
LUQ,-33.273201,-66.356400
LUR,68.875099,-166.110001
LUV,-5.760278,132.759444
LUX,49.626845,6.212134
LUZ,51.240157,22.713461
LVI,-17.821524,25.819642
LVO,-28.614267,122.428673
LWB,37.857914,-80.400438
LWK,60.192200,-1.243610
LWN,40.750401,43.859299
LWOH,41.180000,20.742300
LWS,46.374500,-117.014999
LWSK,41.958087,21.622581
LWY,4.849170,115.407997
LXA,29.298001,90.911951
LXG,20.966999,101.400002
LXGB,36.151679,-5.349780
LXR,25.671018,32.706446
LXS,39.917099,25.236300
LYA,34.741100,112.388000
LYBE,44.818401,20.309099
LYC,64.548302,18.716200
LYG,34.414060,119.178990
LYH,37.326698,-79.200401
LYI,35.052918,118.411828
LYKV,43.817519,20.586662
LYNI,43.336538,21.856242
LYP,31.364923,72.995319
LYPG,42.359402,19.251900
LYR,78.246101,15.465600
LYS,45.725996,5.090139
LYTV,42.404701,18.723301
LZG,31.501910,106.034417
LZH,24.207500,109.390999
LZIB,48.170200,17.212700
LZKZ,48.663101,21.241100
LZN,26.159656,119.958376
LZO,29.030357,105.468407
LZSL,48.637798,19.134100
LZTT,49.070994,20.241394
LZY,29.303301,94.335297
MAA,12.990005,80.169296
MAB,-5.368590,-49.138000
MAD,40.493407,-3.572249
MAF,31.942499,-102.202003
MAG,-5.207080,145.789001
MAH,39.862598,4.218650
MAJ,7.065110,171.271656
MAK,9.558739,31.651937
MAM,25.769899,-97.525299
MAN,53.349375,-2.279521
MAO,-3.038610,-60.049702
MAQ,16.699900,98.545097
MAR,10.557542,-71.729307
MAS,-2.061890,147.423996
MAU,-16.426500,-152.244003
MAZ,18.255699,-67.148499
MBA,-4.034830,39.594200
MBD,-25.798401,25.548000
MBE,44.303902,143.404007
MBGT,21.444500,-71.142303
MBI,-8.919942,33.273981
MBJ,18.503420,-77.913230
MBL,44.272707,-86.246495
MBNC,21.916094,-71.942954
MBPV,21.773697,-72.268321
MBS,43.533181,-84.083104
MBSC,21.515699,-71.528503
MBSY,21.333000,-71.199997
MBT,12.369682,123.630095
MBW,-37.977765,145.099799
MBX,46.479900,15.686100
MCE,37.284698,-120.514000
MCG,62.952900,-155.606003
MCI,39.301699,-94.713893
MCK,40.207787,-100.592794
MCM,43.725798,7.419673
MCN,32.692799,-83.649200
MCO,28.429399,-81.308998
MCP,0.050664,-51.072201
MCT,23.600218,58.285268
MCV,-16.442499,136.084000
MCW,43.159801,-93.329716
MCX,42.816799,47.652302
MCY,-26.593324,153.083190
MCZ,-9.512559,-35.791839
MDBH,18.251499,-71.120399
MDC,1.548591,124.926250
MDCY,19.269259,-69.737405
MDE,6.164540,-75.423100
MDG,44.525172,129.568634
MDI,7.703880,8.613940
MDJB,18.572500,-69.985603
MDK,0.022600,18.288700
MDL,21.702200,95.977898
MDLR,18.452222,-68.911111
MDPC,18.567093,-68.364558
MDPP,19.757900,-70.570000
MDQ,-37.934200,-57.573300
MDSD,18.429701,-69.668900
MDST,19.404060,-70.604431
MDT,40.192838,-76.762333
MDU,-6.147740,143.656998
MDW,41.785999,-87.752403
MDZ,-32.831699,-68.792900
MEB,-37.728100,144.901993
MEC,-0.946078,-80.678802
MED,24.553400,39.705101
MEE,-21.482438,168.038465
MEG,-9.525090,16.312401
MEH,71.029701,27.826700
MEI,32.332600,-88.751900
MEL,-37.670732,144.837898
MEM,35.043845,-89.976340
MEQ,4.040998,96.253312
MEX,19.435822,-99.070330
MFA,-7.917478,39.668502
MFE,26.176141,-98.237965
MFG,34.338835,73.508886
MFJ,-18.566700,179.951004
MFK,26.224140,120.002679
MFM,22.149599,113.592003
MFR,42.374199,-122.873001
MFU,-13.258900,31.936600
MGA,12.141500,-86.168198
MGB,-37.744382,140.780561
MGC,41.703300,-86.821198
MGF,-23.476060,-52.016187
MGGT,14.582896,-90.527515
MGH,-30.857401,30.343000
MGHT,15.316667,-91.505556
MGM,32.300598,-86.393997
MGMM,16.913707,-89.866143
MGPB,15.730900,-88.583801
MGQ,2.014440,45.304699
MGQZ,14.865600,-91.501999
MGRT,14.521431,-91.697001
MGT,-12.094400,134.893997
MGW,39.643305,-79.917598
MGZ,12.439800,98.621498
MHC,-42.340388,-73.715693
MHD,36.234821,59.642949
MHG,49.473057,8.514167
MHH,26.510711,-77.084262
MHK,39.140999,-96.670799
MHLC,15.742500,-86.852997
MHLM,15.452600,-87.923599
MHM,-8.325008,160.800510
MHNJ,16.445400,-85.906601
MHPL,15.262200,-83.781197
MHPR,14.382400,-87.621201
MHQ,60.122200,19.898199
MHRO,16.316799,-86.523003
MHT,42.932598,-71.435699
MHTG,14.060900,-87.217201
MHU,-37.047501,147.334000
MHUT,16.113100,-86.880302
MHX,-10.380910,-160.999424
MIA,25.796011,-80.289751
MID,20.930485,-89.645462
MIG,31.428101,104.740997
MII,-22.196899,-49.926485
MIJ,6.084754,171.731419
MIM,-36.908600,149.901001
MIR,35.758099,10.754700
MIS,-10.689200,152.837997
MIU,11.854163,13.080702
MJE,8.163362,168.173862
MJF,65.783997,13.214900
MJI,32.891770,13.287878
MJK,-25.897294,113.575802
MJM,-6.121240,23.569000
MJN,-15.666842,46.351233
MJT,39.057406,26.598629
MJY,58.180921,94.745272
MJZ,62.534698,114.039001
MKBS,18.404079,-76.969754
MKE,42.947201,-87.896599
MKG,43.169498,-86.238197
MKJP,17.935699,-76.787498
MKJS,18.503420,-77.913230
MKK,21.152901,-157.095993
MKL,35.599899,-88.915604
MKM,2.881944,112.043333
MKP,-16.583900,-143.658005
MKQ,-8.523898,140.419693
MKR,-26.611700,118.547997
MKTP,17.988600,-76.823799
MKU,0.579211,12.890900
MKW,-0.891833,134.048996
MKY,-21.170816,149.182588
MKZ,2.265613,102.252778
MLA,35.845932,14.491546
MLB,28.102009,-80.641088
MLE,4.191830,73.529099
MLG,-7.929099,112.714233
MLI,41.448502,-90.507500
MLL,61.864300,-162.026001
MLM,19.849899,-101.025002
MLN,35.279800,-2.956260
MLO,36.696899,24.476900
MLU,32.510899,-92.037697
MLW,6.289060,-10.758700
MLX,38.435299,38.091000
MLY,64.991880,-150.644102
MMAA,16.757126,-99.753113
MMAS,21.699589,-102.318372
MMB,43.880600,144.164001
MMBT,15.775437,-96.260456
MMCD,28.039031,-115.189419
MMCE,18.651516,-91.799355
MMCL,24.765040,-107.475228
MMCM,18.504985,-88.328018
MMCN,27.392599,-109.833000
MMCP,19.815969,-90.500125
MMCS,31.636673,-106.428533
MMCU,28.702649,-105.963764
MMCV,23.703300,-98.956497
MMCZ,20.514922,-86.928538
MMD,25.846500,131.263000
MMDA,25.053801,-111.614998
MMDO,24.125468,-104.527938
MME,54.509201,-1.429410
MMEP,21.419833,-104.842472
MMG,-28.116100,117.842003
MMGL,20.523342,-103.310108
MMGM,27.969000,-110.925003
MMGR,28.026100,-114.024002
MMH,37.625381,-118.843060
MMHO,29.092811,-111.053015
MMIA,19.277000,-103.577002
MMIO,25.537860,-100.928346
MMIT,16.445961,-95.093708
MMJ,36.166801,137.923004
MMK,68.781700,32.750801
MMLM,25.685503,-109.081159
MMLO,20.992695,-101.480284
MMLP,24.072331,-110.362662
MMLT,25.989549,-111.348408
MMMA,25.769899,-97.525299
MMMD,20.930485,-89.645462
MMML,32.630629,-115.242805
MMMM,19.849899,-101.025002
MMMT,18.103399,-94.580704
MMMX,19.435822,-99.070330
MMMY,25.778521,-100.106989
MMMZ,23.162823,-106.264517
MMNL,27.443899,-99.570503
MMO,15.155900,-23.213699
MMOX,16.998773,-96.726092
MMPA,20.602699,-97.460800
MMPB,19.158465,-98.371582
MMPE,31.351987,-113.305177
MMPG,28.627873,-100.535240
MMPN,19.396700,-102.039001
MMPR,20.679913,-105.254391
MMPS,15.876808,-97.089100
MMQT,20.618779,-100.186449
MMRX,26.008900,-98.228500
MMSD,23.151919,-109.720731
MMSL,22.949072,-109.939479
MMSM,19.743824,-99.015070
MMSP,22.262026,-100.935692
MMTC,25.562265,-103.404608
MMTG,16.561611,-93.025731
MMTJ,32.541043,-116.969976
MMTL,20.172098,-87.660272
MMTM,22.292622,-97.867058
MMTO,19.336900,-99.565830
MMTP,14.794549,-92.369871
MMUN,21.040817,-86.873470
MMVA,17.994283,-92.818199
MMVR,19.139589,-96.188602
MMX,55.535564,13.376327
MMY,24.782801,125.294998
MMZC,22.894942,-102.687154
MMZH,17.601771,-101.460629
MMZO,19.144800,-104.558998
MNBL,11.991000,-83.774101
MNC,-14.488200,40.712200
MNCI,12.174785,-83.059445
MNF,-17.672844,177.098500
MNG,-12.056100,134.233994
MNI,16.791835,-62.193204
MNJ,-21.201799,48.358299
MNL,14.508600,121.019997
MNMG,12.141500,-86.168198
MNPC,14.047200,-83.386703
MNT,65.147991,-149.368658
MNU,16.444700,97.660698
MNX,-5.811380,-61.278301
MNY,-7.416940,155.565002
MOB,30.691200,-88.242798
MOC,-16.706919,-43.818901
MOF,-8.639514,122.238135
MOG,20.516800,99.256798
MOH,-2.201143,121.662884
MOI,-19.842501,-157.703003
MOJ,5.607600,-54.400300
MOL,62.744701,7.262500
MOQ,-20.284700,44.317600
MOT,48.258010,-101.279123
MOU,62.095402,-163.682007
MOV,-22.057800,148.076996
MOZ,-17.489790,-149.761777
MPA,-17.634258,24.176688
MPBO,9.340850,-82.250801
MPC,-2.541058,101.087651
MPCE,7.987840,-80.409837
MPCH,9.458962,-82.515062
MPDA,8.388983,-82.436425
MPEJ,9.356640,-79.867401
MPH,11.924500,121.954002
MPL,43.576199,3.963010
MPM,-25.920799,32.572601
MPMG,8.973340,-79.555603
MPN,-51.822642,-58.445777
MPPA,8.914790,-79.599602
MPPD,7.534801,-80.043347
MPPI,7.587370,-78.179939
MPRA,8.628760,-79.034698
MPSM,8.375880,-80.127899
MPTO,9.071360,-79.383499
MPY,3.655907,-54.039431
MQC,47.095501,-56.380299
MQF,53.391991,58.755235
MQJ,66.450861,143.261551
MQL,-34.229198,142.085999
MQM,37.223301,40.631699
MQN,66.363899,14.301400
MQP,-25.383327,31.105325
MQS,12.887900,-61.180199
MQT,46.351498,-87.395884
MQX,13.467400,39.533501
MRA,32.325001,15.061000
MRAN,10.469311,-84.579073
MRAO,10.420000,-83.609500
MRE,-1.404588,35.008349
MRGF,8.654010,-83.182198
MRI,61.212792,-149.843988
MRLB,10.593300,-85.544403
MRLM,9.957960,-83.022003
MRNS,9.976490,-85.653000
MROC,9.993860,-84.208801
MRPJ,8.533330,-83.300003
MRPV,9.957050,-84.139801
MRQP,9.443160,-84.129799
MRS,43.438088,5.212500
MRU,-20.430201,57.683601
MRV,44.225101,43.081902
MRX,30.556200,49.151901
MRY,36.586777,-121.844183
MRZ,-29.498899,149.845001
MSA,53.441399,-91.762802
MSJ,40.703201,141.367996
MSL,34.745123,-87.612981
MSLP,13.444470,-89.055784
MSN,43.139900,-89.337502
MSO,46.915816,-114.091107
MSP,44.880081,-93.221741
MSQ,53.888071,28.039964
MSR,38.747799,41.661201
MSS,44.936157,-74.844304
MSSS,13.699500,-89.119904
MST,50.911087,5.769401
MSU,-29.456277,27.554456
MSY,29.993401,-90.264673
MSZ,-15.261200,12.146800
MTCA,18.271099,-73.788300
MTCH,19.725547,-72.200710
MTF,6.957100,35.554700
MTJ,38.509800,-107.893997
MTJE,18.663099,-74.170303
MTM,55.131001,-131.578003
MTP,41.076500,-71.920797
MTPP,18.580023,-72.292596
MTR,8.823740,-75.825800
MTT,18.103399,-94.580704
MTY,25.778521,-100.106989
MUA,-8.327970,157.263000
MUB,-19.970491,23.431409
MUBA,20.365299,-74.506203
MUBY,20.396400,-76.621399
MUC,48.353802,11.786100
MUCC,22.461000,-78.328400
MUCF,22.150000,-80.414200
MUCL,21.616501,-81.545998
MUCM,21.419909,-77.848039
MUCU,19.974740,-75.835504
MUE,20.001301,-155.667999
MUH,31.324313,27.222270
MUHA,22.989201,-82.409103
MUHG,20.785148,-76.315526
MUK,-20.136101,-157.345001
MUMZ,20.288605,-77.087545
MUN,9.749023,-63.153348
MUNG,21.834700,-82.783798
MUR,4.178734,114.330318
MUSC,22.492215,-79.943119
MUTD,21.788300,-79.997200
MUVR,23.034401,-81.435303
MUVT,20.987600,-76.935799
MUX,30.203199,71.419098
MUZ,-1.503000,33.802100
MVB,-1.656160,13.438000
MVD,-34.835647,-56.026497
MVF,-5.201920,-37.364300
MVP,1.253660,-70.233900
MVQ,53.954899,30.095100
MVR,10.451400,14.257400
MVT,-14.868100,-148.716995
MVY,41.393101,-70.614304
MWA,37.751208,-89.016568
MWCB,19.687000,-79.882797
MWCR,19.292801,-81.357697
MWL,32.781601,-98.060204
MWQ,20.165600,94.941399
MWX,34.991406,126.382814
MWZ,-2.446563,32.936049
MXH,-6.363330,143.238007
MXL,32.630629,-115.242805
MXP,45.630600,8.728110
MXV,49.663677,100.100028
MXW,45.738098,106.268997
MXX,60.957901,14.511400
MXZ,24.263425,116.097857
MYA,-35.897800,150.143997
MYAF,24.697901,-77.795601
MYAK,24.158701,-77.589798
MYAM,26.510711,-77.084262
MYAN,25.053801,-78.049004
MYAP,22.441799,-73.970901
MYAT,26.745300,-77.391296
MYBC,25.417101,-77.880898
MYBS,25.699900,-79.264702
MYCA,24.629400,-75.673797
MYCB,24.315300,-75.452301
MYCI,22.745600,-74.182404
MYD,-3.229310,40.101700
MYE,34.073601,139.559998
MYEF,23.562599,-75.877998
MYEH,25.475823,-76.680784
MYEM,25.284700,-76.331001
MYER,24.891650,-76.177602
MYG,22.379499,-73.013494
MYGF,26.557996,-78.695583
MYI,-9.915105,144.054644
MYIG,20.975000,-73.666901
MYJ,33.826893,132.700114
MYK,61.335701,-142.686996
MYL,44.888837,-116.101112
MYLD,23.179001,-75.093597
MYLS,23.582317,-75.268621
MYMM,22.379499,-73.013494
MYNN,25.039000,-77.466202
MYP,37.623530,61.895668
MYQ,12.229751,76.653683
MYR,33.679699,-78.928299
MYSM,24.063041,-74.523233
MYT,25.383600,97.351898
MYU,60.372338,-166.269751
MYW,-10.336204,40.181997
MYY,4.322010,113.987000
MZBE,17.517239,-88.195775
MZBG,16.519369,-88.407913
MZBZ,17.539951,-88.303556
MZCK,17.735015,-88.032862
MZCP,17.683792,-88.044985
MZCZ,18.382200,-88.411903
MZG,23.568701,119.627998
MZH,40.829399,35.521999
MZI,14.512800,-4.079560
MZL,5.029600,-75.464700
MZO,20.288605,-77.087545
MZPB,16.982510,-88.230988
MZPG,16.102400,-88.808296
MZPL,16.536957,-88.361511
MZQ,-27.626101,32.044300
MZR,36.704120,67.210459
MZS,28.817460,78.921870
MZSP,17.913900,-87.971100
MZSV,16.534560,-88.441615
MZT,23.162823,-106.264517
MZTH,18.046767,-88.583858
MZV,4.048330,114.805000
MZW,33.535900,-0.242353
NAA,-30.319201,149.826996
NAG,21.092199,79.047203
NAH,3.684780,125.527162
NAJ,39.188801,45.458401
NAL,43.512901,43.636600
NAM,-3.143159,126.976469
NAN,-17.761822,177.437843
NAO,30.798104,106.164150
NAP,40.886002,14.290800
NAQ,77.488602,-69.388702
NAS,25.039000,-77.466202
NAT,-5.769822,-35.366610
NAU,-14.177397,-141.266112
NAV,38.771900,34.534500
NAW,6.519920,101.742996
NBC,55.564701,52.092499
NBE,36.075833,10.438611
NBJ,-9.050734,13.499078
NBN,-1.408615,5.624163
NBO,-1.318886,36.928233
NBS,42.066944,127.602222
NCA,21.916094,-71.942954
NCAI,-18.830900,-159.764008
NCAT,-19.967800,-158.119003
NCE,43.658401,7.215870
NCL,55.037958,-1.689577
NCMH,-10.380910,-160.999424
NCMK,-20.136101,-157.345001
NCMR,-19.842501,-157.703003
NCN,60.077602,-147.994680
NCRG,-21.202700,-159.806000
NCU,42.488400,59.623299
NCY,45.928947,6.098700
NDB,20.932404,-17.030199
NDC,19.183300,77.316704
NDG,47.229969,123.914179
NDJ,12.133700,15.034000
NDR,34.988800,-3.028210
NDU,-17.956499,19.719400
NDY,59.250301,-2.576670
NEC,-38.490746,-58.816337
NER,56.913898,124.914001
NEV,17.205700,-62.589901
NFCI,-17.743299,-179.341995
NFFN,-17.761822,177.437843
NFFO,-17.778448,177.196996
NFKD,-19.058100,178.156998
NFMA,-17.672844,177.098500
NFMO,-18.566700,179.951004
NFNA,-18.044226,178.561486
NFNB,-17.711100,178.759003
NFNG,-18.115601,179.339996
NFNK,-18.199200,-178.817001
NFNL,-16.466700,179.339996
NFNM,-16.690599,-179.876999
NFNO,-17.345800,179.421997
NFNR,-12.482500,177.070999
NFNS,-16.803394,179.340587
NFSW,-16.758900,177.544998
NFTE,-21.378300,-174.957993
NFTF,-21.241438,-175.149164
NFTL,-19.777000,-174.341003
NFTP,-15.977297,-173.791089
NFTV,-18.585300,-173.962006
NFVB,-17.268999,-178.975998
NGB,29.826700,121.461998
NGE,7.357010,13.559200
NGFU,-8.523885,179.196976
NGI,-18.115601,179.339996
NGK,51.783955,143.141785
NGO,34.858398,136.804993
NGQ,32.097940,80.053971
NGS,32.916901,129.914001
NGTA,1.381640,173.147003
NGTU,3.085830,172.811005
NGUK,0.185278,173.636993
NHV,-8.795600,-140.229004
NIB,63.017949,-154.360399
NIM,13.481500,2.183610
NIQ,70.789385,-53.662945
NIU,-16.119296,-146.368768
NIUE,-19.080109,-169.923493
NJC,60.949299,76.483597
NJF,31.991116,44.405019
NKC,18.310000,-15.969722
NKG,31.735032,118.865949
NKI,55.849602,-133.227994
NKM,35.255759,136.924095
NKT,37.364700,42.058200
NLA,-12.965130,28.515624
NLD,27.443899,-99.570503
NLF,-9.579176,143.780276
NLG,56.007500,-161.160004
NLH,27.540300,100.759300
NLI,53.154999,140.649994
NLK,-29.041759,167.939474
NLT,43.431800,83.378600
NLU,19.743824,-99.015070
NLWF,-14.311565,-178.066492
NLWW,-13.239445,-176.198650
NMA,40.984622,71.557800
NME,60.469129,-164.704070
NMF,5.817407,73.468404
NMI,18.984597,73.065253
NNB,-10.847994,162.454108
NNG,22.598071,108.181922
NNM,67.639999,53.121899
NNR,53.230301,-9.467780
NNT,18.807899,100.782997
NNY,32.982696,112.617467
NOB,9.976490,-85.653000
NOC,53.910439,-8.817002
NOD,53.633057,7.190278
NOJ,63.183300,75.269997
NOP,42.018313,35.071774
NOS,-13.312100,48.314800
NOU,-22.014601,166.212997
NOV,-12.808900,15.760500
NOZ,53.811401,86.877197
NPE,-39.465801,176.869995
NPL,-39.008598,174.179001
NPO,-0.348640,111.746155
NPT,41.532207,-71.281039
NQN,-38.949001,-68.155701
NQU,5.710348,-77.261868
NQY,50.440601,-4.995410
NQZ,51.027035,71.467094
NRA,-34.702202,146.511993
NRD,53.706944,7.230000
NRK,58.586300,16.250601
NRL,59.367500,-2.434440
NRN,51.601362,6.141228
NRR,18.247262,-65.639790
NRT,35.768580,140.388714
NSAS,-14.184400,-169.669998
NSB,25.767000,-79.250000
NSFA,-13.830000,-172.007996
NSFQ,-14.216131,-169.423771
NSH,36.664286,51.462730
NSI,3.722560,11.553300
NSK,69.307951,87.325906
NSN,-41.296709,173.224323
NST,8.539620,99.944702
NSTU,-14.331000,-170.710007
NTAA,-17.553472,-149.606936
NTAM,-22.637250,-152.805900
NTAR,-22.434099,-151.360992
NTAT,-23.365400,-149.524002
NTAV,-23.885201,-147.662003
NTE,47.153198,-1.610730
NTG,32.073566,120.980076
NTGA,-17.352600,-145.509995
NTGB,-15.820044,-140.888071
NTGC,-15.119600,-148.231003
NTGD,-15.573600,-146.414993
NTGF,-16.054100,-145.656998
NTGH,-17.548297,-142.612037
NTGI,-14.436800,-146.070007
NTGJ,-23.079901,-134.889999
NTGK,-15.663300,-146.884995
NTGM,-16.583900,-143.658005
NTGN,-14.177397,-141.266112
NTGO,-17.355226,-138.447340
NTGP,-14.809550,-138.812621
NTGT,-14.709500,-145.246002
NTGU,-15.248300,-146.617004
NTGV,-14.868100,-148.716995
NTHE,-14.428100,-146.257004
NTKA,-15.780622,-145.128443
NTKH,-15.992259,-140.164246
NTKN,-16.119296,-146.368768
NTKO,-16.050485,-142.476568
NTKR,-14.455800,-145.024994
NTL,-32.796114,151.835025
NTMD,-8.795600,-140.229004
NTMN,-9.768790,-139.011002
NTMP,-9.351670,-140.078003
NTMU,-8.936228,-139.554062
NTN,-17.684090,141.069664
NTQ,37.293098,136.962006
NTT,-15.977297,-173.791089
NTTB,-16.444401,-151.751007
NTTG,-14.954300,-147.660995
NTTH,-16.687084,-151.021593
NTTM,-17.489790,-149.761777
NTTO,-18.074800,-140.945999
NTTP,-16.426500,-152.244003
NTTR,-16.722900,-151.466003
NTX,3.908710,108.388000
NUE,49.498699,11.078056
NUI,70.209999,-151.005998
NUL,64.729301,-158.074005
NUM,27.924261,35.293580
NUP,60.905591,-162.440454
NUS,-16.079700,167.401001
NUX,66.069397,76.520302
NVA,2.950150,-75.294000
NVI,40.117599,65.172658
NVSC,-13.851700,167.537003
NVSF,-16.264999,167.923996
NVSG,-15.306700,167.966995
NVSH,-15.470800,168.151993
NVSI,-16.431955,168.235511
NVSL,-16.461123,167.829253
NVSM,-16.584200,168.158997
NVSO,-15.865600,168.171997
NVSP,-16.079700,167.401001
NVSS,-15.505000,167.220001
NVST,-16.891100,168.550995
NVSV,-16.796101,168.177002
NVSW,-15.412000,167.690994
NVSZ,-14.881700,166.557999
NVT,-26.879431,-48.650979
NVVF,-19.516399,170.231995
NVVV,-17.699301,168.320007
NVVW,-19.455099,169.223999
NWI,52.675800,1.282780
NWWA,-21.096407,167.803790
NWWC,-19.720521,163.661077
NWWD,-21.053551,164.838768
NWWE,-22.588900,167.455994
NWWK,-20.546323,164.255648
NWWL,-20.774563,167.239328
NWWM,-22.257706,166.472822
NWWR,-21.482438,168.038465
NWWU,-20.790127,165.259524
NWWV,-20.640932,166.573024
NWWW,-22.014601,166.212997
NYA,62.110001,65.614998
NYI,7.361830,-2.328760
NYK,-0.062352,37.041296
NYM,65.480904,72.698898
NYO,58.789656,16.911479
NYS,40.735061,-73.972814
NYT,19.623501,96.200996
NYU,21.178801,94.930199
NZAA,-37.011990,174.786331
NZAP,-38.739700,176.084000
NZC,-14.854000,-74.961502
NZCH,-43.489029,172.532065
NZCI,-43.811890,-176.465140
NZDN,-45.929017,170.197758
NZG,55.800800,109.595001
NZGB,-36.241402,175.472000
NZGS,-38.663300,177.977997
NZH,49.566667,117.330000
NZHK,-42.713600,170.985001
NZHN,-37.866961,175.331952
NZKK,-35.259148,173.913317
NZKT,-35.069837,173.287053
NZL,47.865942,122.768662
NZNP,-39.008598,174.179001
NZNR,-39.465801,176.869995
NZNS,-41.296709,173.224323
NZNV,-46.412399,168.313004
NZOT,-40.785582,175.151300
NZPM,-40.320599,175.617004
NZPN,-41.346100,173.955994
NZPT,-44.293167,-176.203476
NZQN,-45.019205,168.746379
NZRO,-38.109200,176.317001
NZTG,-37.671902,176.195999
NZTU,-44.302799,171.225006
NZWB,-41.518299,173.869995
NZWF,-44.722091,169.246287
NZWK,-37.922224,176.916960
NZWN,-41.326839,174.806862
NZWR,-35.769253,174.363713
NZWS,-41.737111,171.579033
NZWU,-39.963467,175.024440
OAFZ,37.122148,70.520100
OAHR,34.209999,62.228298
OAJ,34.829201,-77.612099
OAK,37.720085,-122.221184
OAKB,34.565899,69.212303
OAKN,31.505769,65.847963
OAKS,33.284605,69.807340
OAL,-11.496000,-61.450800
OAMS,36.704120,67.210459
OAX,16.998773,-96.726092
OBBI,26.267295,50.637640
OBN,56.463501,-5.399670
OBO,42.733299,143.216995
OBU,66.912300,-156.897003
OBX,-7.590622,141.324263
OBY,70.488229,-21.971680
OCC,-0.462886,-76.986801
OCE,38.310398,-75.124001
OCJ,18.404079,-76.969754
OCS,0.910937,9.330270
ODB,37.841999,-4.848880
ODE,55.475307,10.327206
ODN,3.976087,115.067303
ODO,57.866100,114.242996
ODY,20.682699,101.994003
OEAB,18.240400,42.656601
OEAH,25.285299,49.485199
OEAO,26.483634,38.117048
OEBA,20.298506,41.636153
OEBH,19.984400,42.620899
OEBT,24.214693,51.449890
OEC,-9.198419,124.337873
OEDF,26.469100,49.798209
OEDM,24.449900,44.121201
OEGN,16.901100,42.585800
OEGS,26.302799,43.774399
OEGT,31.412413,37.278898
OEHL,27.437901,41.686298
OEJN,21.680241,39.157436
OEKK,27.900900,45.528198
OEMA,24.553400,39.705101
OENG,17.611401,44.419201
OENN,27.924261,35.293580
OEPA,28.335726,46.127108
OER,63.408298,18.990000
OERF,29.626400,43.490601
OERK,24.957600,46.698799
OERR,30.906601,41.138199
OERS,25.627975,37.088914
OES,-40.751200,-65.034300
OESH,17.466900,47.121399
OESK,29.783301,40.100905
OETB,28.371100,36.624865
OETF,21.484739,40.544074
OETR,31.692188,38.731544
OEWD,20.504299,45.199600
OEWJ,26.198601,36.476398
OEYN,24.144199,38.063400
OFU,-14.184400,-169.669998
OGD,41.195900,-112.012001
OGG,20.896263,-156.431837
OGL,6.805881,-58.107657
OGN,24.467298,122.979827
OGS,44.681900,-75.465500
OGU,40.966872,38.085995
OGX,31.917200,5.412780
OGZ,43.205101,44.606602
OHD,41.180000,20.742300
OHE,52.916871,122.422759
OHO,59.410065,143.056503
OHS,24.386040,56.625410
OIAA,30.367887,48.230075
OIAD,32.434399,48.397598
OIAH,30.333869,50.833796
OIAM,30.556200,49.151901
OIAW,31.336400,48.763789
OIBA,25.875700,55.033001
OIBB,28.944799,50.834599
OIBK,26.525427,53.980462
OIBL,26.532283,54.824840
OIBP,27.379601,52.737701
OIBQ,29.260503,50.322193
OICC,34.345901,47.158100
OICK,33.435398,48.282902
OICS,35.245899,47.009201
OIFK,33.895302,51.577000
OIFM,32.755142,51.883877
OIGG,37.323333,49.617778
OIHH,34.866416,48.560690
OIIE,35.416100,51.152199
OIII,35.689175,51.314392
OIIP,35.776100,50.826698
OIIS,35.591099,53.495098
OIKB,27.218300,56.377800
OIKK,30.271276,56.949692
OIKM,29.084200,58.450001
OIKQ,26.754639,55.902353
OIKR,30.298345,56.048979
OIM,34.782001,139.360001
OIMB,32.896525,59.281258
OIMM,36.234821,59.642949
OIMN,37.493000,57.308201
OIMS,36.168098,57.595200
OINN,36.664286,51.462730
OINR,36.907010,50.687316
OINZ,36.644408,53.188761
OIR,42.071701,139.432999
OISL,27.674700,54.383301
OISR,27.372700,53.188801
OISS,29.539200,52.589802
OIT,33.479401,131.737000
OITL,38.325699,48.424400
OITP,39.603600,47.881500
OITR,37.668098,45.068699
OITT,38.133900,46.235001
OIYY,31.904900,54.276501
OIZC,25.443190,60.382167
OIZH,29.475700,60.906200
OIZJ,25.654757,57.801718
OJAI,31.722601,35.993198
OJAM,31.972700,35.991600
OJAQ,29.611601,35.018101
OJU,-0.865437,121.628625
OKA,26.192437,127.639804
OKC,35.393388,-97.598248
OKD,43.117447,141.381340
OKE,27.431604,128.705564
OKI,36.178388,133.323566
OKJ,34.756901,133.854996
OKKK,29.224487,47.969813
OKL,-4.907100,140.627700
OKR,-9.752801,143.405673
OKY,-27.409262,151.736727
OLA,63.698898,9.604000
OLB,40.898953,9.518457
OLBA,33.819833,35.487443
OLF,48.094501,-105.574997
OLH,57.218102,-153.270004
OLJ,-14.881700,166.557999
OLM,46.969399,-122.903000
OLP,-30.483861,136.876699
OLZ,60.401833,120.476094
OMA,41.303200,-95.894096
OMAA,24.440966,54.649237
OMAL,24.261700,55.609200
OMD,-28.585318,16.446380
OMDB,25.249790,55.370992
OMDL,24.510000,52.335200
OMDW,24.896171,55.162350
OME,64.512199,-165.445007
OMFJ,25.108411,56.328061
OMH,37.668098,45.068699
OMN,40.014020,68.411030
OMO,43.282489,17.846101
OMR,47.025299,21.902500
OMRK,25.613501,55.938801
OMS,54.963124,73.312418
OMSJ,25.328600,55.517200
OND,-17.878201,15.952600
ONG,-16.662500,139.177994
ONJ,40.191898,140.371002
ONQ,41.506401,32.088600
ONT,34.056000,-117.600998
ONX,9.356640,-79.867401
OODQ,19.501944,57.634167
OOK,60.541401,-165.087006
OOKB,26.171000,56.240601
OOL,-28.165962,153.506641
OOM,-36.300445,148.972408
OOMS,23.600218,58.285268
OOSA,17.038700,54.091301
OOSH,24.386040,56.625410
OPBW,29.348101,71.718002
OPCH,35.886213,71.799922
OPDB,28.878300,64.399803
OPDG,29.961000,70.485901
OPF,25.907000,-80.278397
OPFA,31.364923,72.995319
OPGT,35.918800,74.333603
OPGW,25.296733,62.498822
OPIS,33.549000,72.825660
OPKC,24.906500,67.160797
OPKD,25.318100,68.366096
OPKH,27.790600,66.647301
OPLA,31.521601,74.403603
OPMF,34.338835,73.508886
OPMT,30.203199,71.419098
OPNH,26.219400,68.390099
OPO,41.248100,-8.681390
OPP,-0.696111,-47.336111
OPPS,33.993900,71.514603
OPQT,30.251400,66.937798
OPRK,28.383900,70.279602
OPS,-11.885001,-55.586109
OPSD,35.338660,75.538648
OPSK,27.722000,68.791702
OPST,32.535941,74.364623
OPTU,25.984767,63.028856
OPU,-8.050000,142.932999
OPZB,31.358400,69.463600
ORB,59.223701,15.038000
ORBI,33.262501,44.234600
ORD,41.978600,-87.904800
ORER,36.236047,43.946615
ORF,36.895341,-76.201000
ORG,5.811211,-55.192299
ORH,42.267300,-71.875702
ORI,57.884905,-152.847719
ORK,51.841301,-8.491110
ORKK,35.469501,44.348900
ORMM,30.549101,47.662102
ORN,35.620648,-0.622486
ORNI,31.991116,44.405019
ORSJ,35.560487,45.315137
ORT,62.961300,-141.929001
ORU,-17.956151,-67.075829
ORV,66.817902,-161.018997
ORY,48.729499,2.358963
ORZ,18.046767,-88.583858
OSAP,36.181262,37.226869
OSD,63.193546,14.504168
OSDI,33.411499,36.515598
OSI,45.462355,18.811278
OSKL,37.020599,41.191399
OSL,60.193901,11.100400
OSLK,35.401100,35.948700
OSR,49.696301,18.111099
OSS,40.609001,72.793297
OST,51.199800,2.874673
OSW,51.072498,58.595600
OSY,64.472198,11.578600
OTBD,25.259431,51.565528
OTD,8.628760,-79.034698
OTH,43.417099,-124.246002
OTHH,25.273056,51.608056
OTP,44.571792,26.103285
OTS,48.498513,-122.662513
OTZ,66.884697,-162.598999
OUA,12.353200,-1.512420
OUD,34.789558,-1.926041
OUI,48.463200,-5.063580
OUL,64.930099,25.354601
OUZ,22.757345,-12.482228
OVB,55.019756,82.618675
OVD,43.563599,-6.034620
OVS,61.326622,63.601913
OWB,37.740101,-87.166801
OXB,11.894262,-15.653596
OYAA,12.829564,45.029976
OYE,1.543110,11.581400
OYGD,16.193341,52.174186
OYRN,14.662241,49.375289
OYSN,15.476300,44.219700
OYSQ,12.632093,53.906173
OYSY,15.965887,48.788146
OYTZ,13.686000,44.139099
OZC,8.178510,123.842003
OZG,30.265788,-5.860808
OZZ,30.939100,-6.909430
PAAK,52.220299,-174.205994
PAAP,56.246799,-134.647995
PAB,21.988400,82.111000
PABA,70.134003,-143.582001
PABE,60.779800,-161.837997
PABL,65.981598,-161.149002
PABR,71.285402,-156.766008
PABT,66.913902,-151.529007
PAC,8.973340,-79.555603
PACD,55.207871,-162.725029
PACE,65.573815,-144.780707
PACH,61.579102,-159.216003
PACI,66.644997,-143.740005
PACJ,61.870315,-158.137636
PACK,60.136667,-164.279167
PACM,61.844710,-165.575209
PACR,65.827673,-144.076195
PACV,60.491798,-145.477997
PACY,60.080974,-142.494541
PAD,51.612527,8.617459
PADE,66.068901,-162.766914
PADK,51.883564,-176.642783
PADL,59.044701,-158.505005
PADM,61.864300,-162.026001
PADQ,57.750000,-152.494003
PADU,53.898810,-166.544996
PADY,59.960800,-162.880997
PAE,47.906300,-122.281998
PAEE,60.213173,-162.044048
PAEG,64.778003,-141.150455
PAEL,58.195202,-136.347000
PAEM,62.786098,-164.490997
PAEN,60.570946,-151.245174
PAEW,60.810370,-164.499511
PAFA,64.815102,-147.856003
PAFM,67.105529,-157.855339
PAFS,63.017949,-154.360399
PAG,7.825632,123.459635
PAGA,64.736198,-156.936997
PAGG,59.876499,-163.169005
PAGH,66.888100,-157.162003
PAGK,62.155859,-145.454662
PAGL,64.550499,-163.007004
PAGM,63.767694,-171.733303
PAGN,57.497097,-134.567220
PAGS,58.425301,-135.707001
PAGT,60.469129,-164.704070
PAGX,62.895187,-160.066289
PAGY,59.460343,-135.316651
PAH,37.060799,-88.773804
PAHC,62.188301,-159.774994
PAHL,65.697899,-156.350998
PAHN,59.243921,-135.523925
PAHO,59.644456,-151.479235
PAHP,61.523899,-166.147003
PAHU,66.041100,-154.263001
PAHY,55.205227,-132.830286
PAIG,59.324001,-155.901993
PAII,58.184386,-157.374873
PAIK,66.976128,-160.439014
PAIL,59.754398,-154.910996
PAIM,65.992798,-153.703995
PAIW,65.622593,-168.095000
PAJC,56.311501,-158.373001
PAJN,58.354935,-134.574416
PAJZ,59.726601,-157.259003
PAKA,60.871449,-146.690297
PAKC,56.012586,-132.835093
PAKF,54.847510,-163.407168
PAKH,56.938702,-154.182999
PAKI,59.931796,-164.028196
PAKK,64.939499,-161.154007
PAKN,58.677845,-156.651965
PAKO,52.941552,-168.849478
PAKP,68.133598,-151.742996
PAKT,55.355598,-131.714004
PAKV,64.318640,-158.741970
PAKW,55.579201,-133.076004
PAKY,57.565919,-154.453762
PALB,57.535160,-153.976455
PALG,61.536301,-160.341003
PALJ,60.201681,-154.325863
PALU,68.875099,-166.110001
PAMB,58.932056,-158.901886
PAMC,62.952900,-155.606003
PAMH,63.886002,-152.302002
PAMK,63.490101,-162.110001
PAML,64.991880,-150.644102
PAMM,55.131001,-131.578003
PAMO,62.095402,-163.682007
PAMR,61.212792,-149.843988
PAMY,60.372338,-166.269751
PANA,60.690300,-161.979004
PANC,61.179004,-149.992561
PANI,61.581600,-159.542999
PANR,58.254398,-134.897995
PANU,64.729301,-158.074005
PANV,62.646702,-160.190994
PANW,59.451838,-157.373829
PAOB,66.912300,-156.897003
PAOH,58.096100,-135.410111
PAOM,64.512199,-165.445007
PAOO,60.541401,-165.087006
PAOR,62.961300,-141.929001
PAOT,66.884697,-162.598999
PAOU,56.007500,-161.160004
PAP,18.580023,-72.292596
PAPB,56.577345,-169.663823
PAPE,55.906500,-159.160910
PAPG,56.801701,-132.945007
PAPH,56.957893,-158.630219
PAPK,60.702900,-161.778000
PAPM,59.017675,-161.827927
PAPN,57.580399,-157.572006
PAPO,68.348801,-166.798996
PAQH,59.755100,-161.845000
PAQT,70.209999,-151.005998
PARC,68.114700,-145.578995
PARS,61.775071,-161.319466
PARY,64.727203,-155.470001
PAS,37.020495,25.113195
PASA,63.686401,-170.492996
PASC,70.194702,-148.464996
PASD,55.313908,-160.522099
PASH,66.249604,-166.089112
PASI,57.047100,-135.362000
PASK,66.600098,-159.985992
PASL,61.700500,-157.166000
PASM,62.060501,-163.302002
PASN,57.166311,-170.222555
PASO,59.442981,-151.705227
PAT,25.591299,85.087997
PATA,65.174400,-152.108994
PATC,65.563103,-167.921997
PATE,65.240402,-166.339005
PATG,59.052799,-160.397003
PATQ,70.467040,-157.436013
PAUK,62.682653,-164.722481
PAUN,63.888401,-160.798996
PAUT,54.144590,-165.604332
PAV,-9.400880,-38.250599
PAVA,61.540900,-165.600500
PAVC,55.116299,-162.266006
PAVD,61.132712,-146.246567
PAVE,67.008698,-146.365997
PAVL,67.734565,-164.559917
PAWB,66.362198,-147.406998
PAWG,56.484299,-132.369995
PAWI,70.638000,-159.994995
PAWM,64.689201,-163.412994
PAWN,67.561241,-162.980461
PAYA,59.508717,-139.660435
PAZ,20.602699,-97.460800
PBC,19.158465,-98.371582
PBD,21.649524,69.656405
PBG,44.650902,-73.468102
PBH,27.403200,89.424599
PBJ,-16.431955,168.235511
PBM,5.452830,-55.187801
PBO,-23.171101,117.745003
PBR,15.730900,-88.583801
PBU,27.329901,97.426300
PCL,-8.378064,-74.574495
PCN,-41.346100,173.955994
PCP,1.661155,7.411081
PCR,6.184720,-67.493200
PDA,3.853530,-67.906200
PDB,59.796925,-154.129994
PDG,-0.785964,100.280384
PDK,33.876330,-84.302130
PDL,37.741199,-25.697901
PDM,7.534801,-80.043347
PDO,-3.286070,103.879997
PDP,-34.855099,-55.094299
PDS,28.627873,-100.535240
PDT,45.695099,-118.841003
PDV,42.067799,24.850800
PDX,45.588699,-122.598000
PEC,57.955200,-136.235992
PED,50.015049,15.739810
PEE,57.914501,56.021198
PEG,43.095901,12.513200
PEI,4.812670,-75.739500
PEK,40.077349,116.596702
PEM,-12.613600,-69.228600
PEN,5.296303,100.276185
PER,-31.940300,115.967003
PES,61.885201,34.154701
PET,-31.717189,-52.327796
PEU,15.262200,-83.781197
PEV,45.988891,18.242044
PEW,33.993900,71.514603
PEX,65.121101,57.130798
PEZ,53.110600,45.021099
PFAK,60.902646,-161.231060
PFAL,66.551804,-152.621994
PFB,-28.243976,-52.327770
PFCB,60.077602,-147.994680
PFCL,58.833698,-158.529007
PFEL,64.614700,-162.272003
PFKA,60.872747,-162.524700
PFKK,59.433248,-154.802170
PFKO,63.030602,-163.533005
PFKT,65.331826,-166.467848
PFKU,64.876099,-157.727005
PFKW,60.790298,-161.444000
PFMP,65.507896,-150.141007
PFNO,66.817902,-161.018997
PFO,34.717999,32.485699
PFQ,39.603600,47.881500
PFR,-4.329919,20.590124
PFSH,64.371101,-161.223999
PFTO,63.329498,-142.953995
PFWS,58.702362,-157.005444
PFYU,66.571651,-145.249987
PFZK,60.913809,-161.493329
PGA,36.924234,-111.447716
PGD,26.920200,-81.990501
PGF,42.740398,2.870670
PGH,29.033400,79.473701
PGK,-2.162200,106.139000
PGM,59.348355,-151.830025
PGRO,14.173267,145.241103
PGSN,15.119384,145.728848
PGU,27.379601,52.737701
PGUM,13.485000,144.797282
PGV,35.635535,-77.384262
PGWT,14.999207,145.619355
PGZ,-25.184476,-50.143822
PHB,-2.893750,-41.731998
PHC,5.015490,6.949590
PHE,-20.382787,118.629789
PHF,37.131901,-76.492996
PHG,4.846111,7.021389
PHH,28.183800,84.014700
PHHN,20.795601,-156.014008
PHJH,20.962900,-156.673004
PHKO,19.738783,-156.045603
PHL,39.871899,-75.241096
PHLI,21.974393,-159.337146
PHLU,21.211000,-156.973999
PHMK,21.152901,-157.095993
PHMU,20.001301,-155.667999
PHNL,21.318387,-157.925670
PHNY,20.785675,-156.951324
PHO,68.348801,-166.798996
PHOG,20.896263,-156.431837
PHS,16.782900,100.278999
PHTO,19.721350,-155.045428
PHW,-23.937201,31.155399
PHX,33.435302,-112.005905
PHY,16.676001,101.195000
PIA,40.663841,-89.692631
PIB,31.467100,-89.337097
PIE,27.910200,-82.687401
PIH,42.909801,-112.596001
PIK,55.501499,-4.577182
PIP,57.580399,-157.572006
PIR,44.382702,-100.286003
PIS,46.587700,0.306666
PIT,40.491501,-80.232903
PIU,-5.205750,-80.616402
PIX,38.554298,-28.441299
PIZ,69.732903,-163.005005
PJA,67.244569,23.074894
PJM,8.533330,-83.300003
PKA,60.702900,-161.778000
PKB,39.345100,-81.439201
PKC,53.168716,158.451068
PKE,-33.131401,148.238998
PKG,4.244720,100.553001
PKMA,11.340700,162.328003
PKMJ,7.065110,171.271656
PKN,-2.705200,111.672997
PKP,-14.809550,-138.812621
PKR,28.200621,83.981203
PKU,0.458647,101.444321
PKV,57.781316,28.393840
PKWA,8.720120,167.731995
PKX,39.501289,116.413967
PKY,-2.227146,113.943388
PKZ,15.133973,105.779871
PLCH,1.986278,-157.350011
PLJ,16.536957,-88.361511
PLM,-2.897653,104.698147
PLN,45.570900,-84.796700
PLO,-34.605301,135.880005
PLQ,55.973202,21.093901
PLS,21.773697,-72.268321
PLW,-0.916462,119.908647
PLX,50.351295,80.234398
PLZ,-33.989715,25.617353
PMC,-41.443093,-73.094065
PMF,44.826351,10.297050
PMG,-22.549601,-55.702599
PMI,39.551701,2.738810
PMK,-18.755301,146.580994
PMO,38.175999,13.091000
PMQ,-46.537899,-70.978699
PMR,-40.320599,175.617004
PMV,10.912603,-63.966599
PMW,-10.291500,-48.356998
PMY,-42.759200,-65.102700
PNA,42.770000,-1.646330
PND,16.102400,-88.808296
PNI,6.985082,158.209920
PNK,-0.152258,109.404493
PNL,36.816502,11.968900
PNP,-8.804540,148.309006
PNQ,18.582100,73.919701
PNR,-4.816030,11.886600
PNS,30.472718,-87.186639
PNT,-51.670670,-72.529078
PNY,11.968000,79.812000
PNZ,-9.362422,-40.569098
POA,-29.993984,-51.167482
POG,-0.711739,8.754380
POL,-12.993302,40.524867
POM,-9.443380,147.220001
POP,19.757900,-70.570000
POR,61.461700,21.799999
POS,10.595350,-61.337568
POZ,52.421598,16.823359
PPB,-22.175100,-51.424599
PPCT,62.993206,-156.029026
PPE,31.351987,-113.305177
PPG,-14.331000,-170.710007
PPIT,60.905591,-162.440454
PPIZ,69.732903,-163.005005
PPK,54.775622,69.187415
PPN,2.454359,-76.609253
PPP,-20.494416,148.553583
PPS,9.742044,118.759110
PPT,-17.553472,-149.606936
PPV,56.328800,-133.610001
PPW,59.351012,-2.900353
PQC,10.169783,103.993530
PQI,46.688999,-68.044800
PQQ,-31.435801,152.863007
PQS,61.961690,-162.941944
PQT,69.995861,-51.300917
PRA,-31.794800,-60.480400
PRC,34.653502,-112.419883
PRG,50.100874,14.259911
PRI,-4.319256,55.691561
PRM,37.149300,-8.583960
PRN,42.572800,21.035801
PSA,43.683899,10.392700
PSC,46.264702,-119.119003
PSD,31.279285,32.240582
PSE,18.008301,-66.563004
PSG,56.801701,-132.945007
PSM,43.077900,-70.823303
PSO,1.396722,-77.290930
PSP,33.829700,-116.507004
PSR,42.431079,14.182981
PSS,-27.385800,-55.970700
PSU,0.834579,112.940217
PSY,-51.685699,-57.777599
PSZ,-18.975301,-57.820599
PTA,60.201681,-154.325863
PTD,56.246799,-134.647995
PTF,-17.778448,177.196996
PTG,-23.845269,29.458615
PTH,56.957893,-158.630219
PTJ,-38.318100,141.470993
PTKK,7.461870,151.843002
PTO,-26.217184,-52.694463
PTP,16.265443,-61.532754
PTPN,6.985082,158.209920
PTRO,7.366965,134.544085
PTSA,5.356980,162.957993
PTU,59.017675,-161.827927
PTY,9.071360,-79.383499
PTYA,9.498910,138.082993
PUB,38.289101,-104.497002
PUD,-47.735300,-65.904100
PUF,43.380001,-0.418611
PUG,-32.506901,137.716995
PUJ,18.567093,-68.364558
PUQ,-53.002602,-70.854599
PUR,-11.107663,-67.551155
PUS,35.179501,128.938004
PUU,0.505228,-76.500800
PUW,46.741601,-117.111630
PUY,44.893501,13.922200
PUZ,14.047200,-83.386703
PVA,13.357461,-81.357977
PVD,41.725038,-71.425668
PVG,31.143400,121.805000
PVH,-8.708491,-63.902338
PVK,38.925499,20.765301
PVR,20.679913,-105.254391
PVU,40.218894,-111.722445
PWAK,19.282437,166.636637
PWE,69.783302,170.597000
PWM,43.646198,-70.309303
PWQ,52.194982,77.073088
PXH,-29.716000,135.524400
PXM,15.876808,-97.089100
PXO,33.073399,-16.350000
PXR,14.868300,103.498001
PXU,14.004500,108.016998
PYJ,66.400398,112.029999
PYK,35.776100,50.826698
PYT,-17.242599,-46.883099
PZB,-29.649000,30.398701
PZE,50.130376,-5.513946
PZH,31.358400,69.463600
PZI,26.540000,101.798520
PZO,8.288530,-62.760399
PZU,19.434558,37.234125
QBC,52.387501,-126.596001
QCU,68.744273,-52.340369
QFG,60.619720,-45.914062
QFI,68.145830,-53.169160
QFN,60.004694,-44.656935
QFX,60.992290,-45.431428
QGQ,67.940663,-53.621870
QJE,68.857926,-53.123295
QJH,60.780959,-47.156249
QJI,68.634253,-51.832262
QOQ,60.537778,-46.024722
QOW,5.427060,7.206030
QPW,68.312657,-53.460208
QRO,20.618779,-100.186449
QRW,5.598210,5.818700
QRY,68.140881,-53.441459
QSF,36.178488,5.329909
QSR,40.620399,14.911300
QSZ,38.245420,77.056149
QUO,4.872500,8.093000
QUV,60.148357,-44.286916
QUW,60.597376,-45.382445
RAB,-4.340460,152.380005
RAE,30.906601,41.138199
RAH,29.626400,43.490601
RAI,14.941126,-23.484728
RAK,31.604807,-8.035788
RAM,-12.356400,134.897995
RAO,-21.134314,-47.774053
RAP,44.045300,-103.056999
RAR,-21.202700,-159.806000
RAS,37.323333,49.617778
RBA,34.051498,-6.751520
RBB,-4.406340,-59.602402
RBQ,-14.427900,-67.496803
RBR,-9.869031,-67.893984
RBV,-8.168060,157.643005
RBY,64.727203,-155.470001
RCB,-28.740999,32.092098
RCBS,24.427900,118.359001
RCE,48.612301,-123.139000
RCFG,26.159656,119.958376
RCFN,22.754856,121.101794
RCH,11.526200,-72.926000
RCKH,22.577101,120.349998
RCKU,23.462577,120.390544
RCLY,22.027000,121.535004
RCM,-20.701900,143.115005
RCMQ,24.264700,120.621002
RCMT,26.224140,120.002679
RCNN,22.950399,120.206001
RCQC,23.568701,119.627998
RCSQ,22.700199,120.482002
RCSS,25.067244,121.552822
RCTP,25.077700,121.233002
RCYU,24.023163,121.617991
RDD,40.508999,-122.292999
RDM,44.254101,-121.150002
RDO,51.389370,21.214742
RDP,23.622500,87.243000
RDU,35.878659,-78.787300
RDV,61.788101,-157.350006
RDZ,44.407902,2.482670
REC,-8.127470,-34.922961
REG,38.071201,15.651600
REL,-43.210500,-65.270300
REN,51.792668,55.457229
RER,14.521431,-91.697001
RES,-27.449910,-59.056125
RET,67.526482,12.101575
REU,41.147509,1.168354
REW,24.503401,81.220299
REX,26.008900,-98.228500
RFD,42.195400,-89.097198
RFP,-16.722900,-151.466003
RGA,-53.777700,-67.749400
RGI,-14.954300,-147.660995
RGL,-51.608791,-69.308948
RGN,16.907301,96.133202
RGO,41.428538,129.647555
RHD,-27.496600,-64.935950
RHI,45.631199,-89.467499
RHO,36.405399,28.086201
RHT,39.225000,101.546000
RIA,-29.711399,-53.688202
RIB,-11.009355,-66.075468
RIC,37.505199,-77.319702
RIH,8.375880,-80.127899
RIS,45.242001,141.186005
RIW,43.064201,-108.459999
RIX,56.920752,23.970711
RIY,14.662241,49.375289
RIZ,35.405033,119.324403
RJA,17.105799,81.813204
RJAA,35.768580,140.388714
RJAF,36.166801,137.923004
RJAH,36.181456,140.414434
RJAN,34.369400,139.268997
RJBB,34.427299,135.244003
RJBD,33.662201,135.363998
RJBE,34.632801,135.223999
RJBT,35.512798,134.787003
RJCB,42.733299,143.216995
RJCC,42.774753,141.690414
RJCH,41.770000,140.822006
RJCK,43.041000,144.192993
RJCM,43.880600,144.164001
RJCN,43.577499,144.960007
RJCO,43.117447,141.381340
RJCW,45.404202,141.800995
RJDA,32.482498,130.158997
RJDB,33.749001,129.785004
RJDC,33.930000,131.279007
RJDT,34.284901,129.330994
RJEB,44.303902,143.404007
RJEC,43.670799,142.447006
RJEO,42.071701,139.432999
RJER,45.242001,141.186005
RJFC,30.385599,130.658997
RJFE,32.666302,128.832993
RJFF,33.585899,130.451004
RJFG,30.605101,130.990997
RJFK,31.803400,130.718994
RJFM,31.877199,131.449005
RJFO,33.479401,131.737000
RJFR,33.845901,131.035004
RJFS,33.149700,130.302002
RJFT,32.837299,130.854996
RJFU,32.916901,129.914001
RJGG,34.858398,136.804993
RJH,24.437201,88.616501
RJK,45.216376,14.570850
RJKA,28.430599,129.712997
RJKB,27.431604,128.705564
RJKI,28.321301,129.927994
RJKN,27.836382,128.881356
RJL,42.460953,-2.322235
RJM,-0.424969,130.773535
RJN,30.298345,56.048979
RJNA,35.255759,136.924095
RJNK,36.393407,136.406895
RJNO,36.178388,133.323566
RJNS,34.795022,138.190976
RJNT,36.648416,137.187359
RJNW,37.293098,136.962006
RJOA,34.436100,132.919006
RJOB,34.756901,133.854996
RJOC,35.413601,132.889999
RJOH,35.492199,133.235992
RJOI,34.146333,132.247238
RJOK,33.545217,133.670166
RJOM,33.826893,132.700114
RJOO,34.780853,135.440829
RJOR,35.530058,134.165023
RJOS,34.132559,134.607816
RJOT,34.214963,134.015454
RJOW,34.676399,131.789993
RJSA,40.733777,140.689477
RJSC,38.411900,140.371002
RJSD,38.060200,138.414001
RJSF,37.227402,140.431000
RJSI,39.428600,141.134995
RJSK,39.615601,140.218994
RJSM,40.703201,141.367996
RJSN,37.954166,139.112189
RJSR,40.191898,140.371002
RJSS,38.139702,140.917007
RJSY,38.812199,139.787003
RJTF,35.671700,139.528000
RJTH,33.114843,139.785645
RJTO,34.782001,139.360001
RJTQ,34.073601,139.559998
RJTT,35.549678,139.786958
RKD,44.060101,-69.099197
RKE,55.585602,12.131400
RKI,-2.100100,99.704400
RKJB,34.991406,126.382814
RKJJ,35.123173,126.805444
RKJK,35.903801,126.615997
RKJY,34.842300,127.616997
RKNW,37.437113,127.960051
RKNY,38.060481,128.669822
RKPC,33.512058,126.492548
RKPK,35.179501,128.938004
RKPS,35.088591,128.071747
RKPU,35.593498,129.352005
RKS,41.594200,-109.065001
RKSI,37.469101,126.450996
RKSS,37.558300,126.791000
RKT,25.613501,55.938801
RKTH,35.987955,129.420383
RKTN,35.894394,128.656989
RKTU,36.715560,127.500289
RKV,64.128732,-21.937590
RKZ,29.350876,89.299157
RLG,53.918201,12.278300
RLK,40.926358,107.740930
RMA,-26.545000,148.774994
RMF,25.555548,34.592450
RMI,44.020024,12.612198
RML,6.821638,79.885859
RMO,46.927740,28.931704
RMP,65.507896,-150.141007
RMQ,24.264700,120.621002
RMT,-22.637250,-152.805900
RMU,37.802852,-1.124884
RMZ,58.059712,68.347997
RNB,56.266701,15.265000
RNI,12.174785,-83.059445
RNJ,27.043847,128.401648
RNL,-11.550000,160.062778
RNN,55.063301,14.759600
RNO,39.499100,-119.767998
RNP,11.157200,166.886993
RNS,48.069500,-1.734790
ROA,37.325500,-79.975403
ROAH,26.192437,127.639804
ROB,6.233790,-10.362300
ROC,43.118900,-77.672401
ROI,16.116800,103.774002
ROIG,24.396389,124.245000
ROK,-23.380019,150.475359
ROKJ,26.363445,126.713840
ROMD,25.846500,131.263000
ROMY,24.782801,125.294998
ROO,-16.584292,-54.724803
ROP,14.173267,145.241103
ROR,7.366965,134.544085
RORA,26.592755,127.240335
RORK,25.944700,131.326996
RORS,24.826700,125.144997
RORT,24.653793,124.675453
RORY,27.043847,128.401648
ROS,-32.903600,-60.785000
ROT,-38.109200,176.317001
ROW,33.301601,-104.530998
ROYN,24.467298,122.979827
RPEN,11.202399,119.416087
RPLB,14.794833,120.271883
RPLC,15.186000,120.559998
RPLI,18.175089,120.531006
RPLK,13.111915,123.676829
RPLL,14.508600,121.019997
RPLN,17.065667,122.427671
RPLO,10.858100,121.069000
RPLT,20.722521,121.809969
RPMC,7.164753,124.209938
RPMD,7.125520,125.646004
RPME,8.951500,125.478800
RPMG,8.601983,123.341875
RPMH,9.253894,124.709115
RPMJ,6.053670,121.011002
RPMN,5.048196,119.743338
RPMO,8.178510,123.842003
RPMP,7.825632,123.459635
RPMR,6.057208,125.096243
RPMS,9.755838,125.480947
RPMY,8.612203,124.456496
RPMZ,6.922420,122.059998
RPNS,9.859100,126.014000
RPR,21.180401,81.738800
RPSP,9.573045,123.770143
RPSV,10.524298,119.272899
RPUH,12.361500,121.046997
RPUN,13.584900,123.269997
RPUO,20.451300,121.980003
RPUT,17.643368,121.733150
RPUV,13.576400,124.206001
RPUY,16.929899,121.752998
RPVA,11.227761,125.027783
RPVB,10.776237,123.018879
RPVC,12.072574,124.545080
RPVD,9.334183,123.301910
RPVE,11.924500,121.954002
RPVF,12.501610,124.635258
RPVI,10.833017,122.493358
RPVJ,12.369682,123.630095
RPVK,11.679400,122.375999
RPVM,10.309261,123.979740
RPVP,9.742044,118.759110
RPVR,11.597700,122.751999
RPVU,12.311000,122.084999
RPVV,12.121865,120.100801
RQA,38.974722,88.008333
RRG,-19.756696,63.359326
RRR,-16.050485,-142.476568
RRS,62.578400,11.342300
RSA,-36.588299,-64.275703
RSD,24.891650,-76.177602
RSH,61.775071,-161.319466
RSI,25.627975,37.088914
RSJ,48.645699,-122.867996
RST,43.908298,-92.500000
RSU,34.842300,127.616997
RSW,26.534685,-81.752816
RTA,-12.482500,177.070999
RTB,16.316799,-86.523003
RTG,-8.596171,120.478177
RTI,-10.765834,123.076046
RTM,51.956902,4.437220
RUA,3.049152,30.911714
RUH,24.957600,46.698799
RUL,0.338085,73.512869
RUN,-20.890087,55.518894
RUR,-22.434099,-151.360992
RUS,-9.861670,160.824997
RUT,43.529400,-72.949600
RVE,6.951868,-71.857179
RVK,64.838303,11.146100
RVN,66.563327,25.829751
RVV,-23.885201,-147.662003
RVY,-30.974600,-55.476200
RXS,11.597700,122.751999
RYK,28.383900,70.279602
RYO,-51.605000,-72.220300
RZE,50.109791,22.024155
RZR,36.907010,50.687316
RZV,41.179766,40.848802
SAAP,-31.794800,-60.480400
SAAR,-32.903600,-60.785000
SAAV,-31.711700,-60.811700
SAB,17.645330,-63.220514
SABE,-34.559419,-58.415536
SACO,-31.312346,-64.208329
SAE,70.811172,-51.631290
SAEZ,-34.822200,-58.535800
SAF,35.617100,-106.088997
SAG,19.689211,74.373655
SAH,15.476300,44.219700
SAI,13.369740,104.223831
SAL,13.444470,-89.055784
SAME,-32.831699,-68.792900
SAMR,-34.588299,-68.403900
SAN,32.733601,-117.190002
SANC,-28.593117,-65.751200
SANE,-27.765556,-64.309998
SANL,-29.381599,-66.795799
SANR,-27.496600,-64.935950
SANT,-26.837397,-65.104195
SANU,-31.571501,-68.418198
SAOU,-33.273201,-66.356400
SAP,15.452600,-87.923599
SAQ,25.053801,-78.049004
SARC,-27.445500,-58.761900
SARE,-27.449910,-59.056125
SARF,-26.212700,-58.228100
SARI,-25.737301,-54.473400
SARP,-27.385800,-55.970700
SASA,-24.856001,-65.486198
SASJ,-24.392799,-65.097801
SAT,29.533701,-98.469803
SAV,32.126591,-81.199980
SAVC,-45.786941,-67.463355
SAVE,-42.908001,-71.139503
SAVH,-46.538517,-68.965323
SAVN,-40.751200,-65.034300
SAVT,-43.210500,-65.270300
SAVV,-40.869200,-63.000400
SAVY,-42.759200,-65.102700
SAW,40.898602,29.309200
SAWC,-50.280267,-72.053401
SAWD,-47.735300,-65.904100
SAWE,-53.777700,-67.749400
SAWG,-51.608791,-69.308948
SAWH,-54.843300,-68.295800
SAWP,-46.537899,-70.978699
SAWR,-48.783100,-70.150002
SAWT,-51.605000,-72.220300
SAZB,-38.725000,-62.169300
SAZL,-36.542300,-56.721800
SAZM,-37.934200,-57.573300
SAZN,-38.949001,-68.155701
SAZO,-38.490746,-58.816337
SAZR,-36.588299,-64.275703
SAZS,-41.151199,-71.157501
SAZY,-40.075401,-71.137299
SBA,34.426201,-119.839996
SBAE,-22.160755,-49.070325
SBAQ,-21.812000,-48.132999
SBAR,-10.983940,-37.072873
SBAT,-9.866389,-56.106298
SBAU,-21.141479,-50.424575
SBAX,-19.563200,-46.960400
SBBE,-1.379279,-48.476207
SBBR,-15.869167,-47.920834
SBBV,2.846150,-60.690648
SBCA,-25.000323,-53.501208
SBCB,-22.921485,-42.071874
SBCF,-19.635710,-43.966928
SBCG,-20.469998,-54.673988
SBCH,-27.134199,-52.656601
SBCJ,-6.117841,-50.003372
SBCN,-17.725096,-48.606324
SBCP,-21.698299,-41.301701
SBCR,-19.011930,-57.672772
SBCT,-25.528500,-49.175800
SBCX,-29.197183,-51.187647
SBCY,-15.652900,-56.116699
SBCZ,-7.599910,-72.769501
SBD,34.096717,-117.236596
SBDB,-21.247300,-56.452399
SBDN,-22.175100,-51.424599
SBEG,-3.038610,-60.049702
SBFI,-25.594167,-54.489444
SBFL,-27.670279,-48.552502
SBFN,-3.854534,-32.423017
SBFZ,-3.775833,-38.532222
SBGL,-22.809999,-43.250557
SBGO,-16.632000,-49.220699
SBGR,-23.431274,-46.469954
SBGV,-18.895882,-41.982869
SBH,17.904398,-62.843333
SBHT,-3.253144,-52.253938
SBIH,-4.242131,-56.000651
SBIL,-14.815929,-39.033458
SBIP,-19.470699,-42.487598
SBIZ,-5.531290,-47.459999
SBJA,-28.675300,-49.059600
SBJE,-2.906425,-40.357338
SBJF,-21.791482,-43.386072
SBJI,-10.870743,-61.846675
SBJP,-7.148691,-34.950554
SBJU,-7.219320,-39.269096
SBJV,-26.224501,-48.797401
SBKG,-7.269662,-35.896057
SBKP,-23.007404,-47.134502
SBLE,-12.482300,-41.277000
SBLJ,-27.782101,-50.281502
SBLO,-23.334375,-51.128365
SBMA,-5.368590,-49.138000
SBMG,-23.476060,-52.016187
SBMK,-16.706919,-43.818901
SBML,-22.196899,-49.926485
SBMO,-9.512559,-35.791839
SBMQ,0.050664,-51.072201
SBMS,-5.201920,-37.364300
SBMY,-5.811380,-61.278301
SBN,41.708304,-86.316922
SBNF,-26.879431,-48.650979
SBNM,-28.282503,-54.169623
SBP,35.236801,-120.641998
SBPA,-29.993984,-51.167482
SBPB,-2.893750,-41.731998
SBPF,-28.243976,-52.327770
SBPG,-25.184476,-50.143822
SBPJ,-10.291500,-48.356998
SBPK,-31.717189,-52.327796
SBPL,-9.362422,-40.569098
SBPO,-26.217184,-52.694463
SBPP,-22.549601,-55.702599
SBPS,-16.438426,-39.080584
SBPV,-8.708491,-63.902338
SBR,-9.378330,142.625000
SBRB,-9.869031,-67.893984
SBRD,-16.584292,-54.724803
SBRF,-8.127470,-34.922961
SBRJ,-22.910397,-43.162820
SBRP,-21.134314,-47.774053
SBSG,-5.769822,-35.366610
SBSI,-11.885001,-55.586109
SBSJ,-23.229200,-45.861500
SBSL,-2.586386,-44.235008
SBSM,-29.711399,-53.688202
SBSN,-2.422423,-54.793060
SBSO,-12.479177,-55.672341
SBSP,-23.627657,-46.654601
SBSR,-20.817113,-49.406963
SBSV,-12.908611,-38.322498
SBT,71.219167,72.052222
SBTB,-1.489600,-56.396801
SBTC,-15.354358,-38.998729
SBTD,-24.686300,-53.697498
SBTE,-5.060250,-42.823712
SBTF,-3.382940,-64.724098
SBTG,-20.752643,-51.682026
SBTT,-4.255670,-69.935799
SBTU,-3.786010,-49.720299
SBUA,-0.148350,-66.985500
SBUF,-9.400880,-38.250599
SBUG,-29.782200,-57.038200
SBUL,-18.883579,-48.225936
SBUR,-19.765036,-47.964805
SBVC,-14.907885,-40.914804
SBVH,-12.694400,-60.098301
SBVT,-20.258000,-40.285000
SBW,2.261600,111.985001
SBY,38.340500,-75.510300
SBZ,45.785841,24.086666
SBZM,-21.513086,-43.173069
SCAR,-18.348499,-70.338699
SCAT,-27.261200,-70.779198
SCBA,-45.915968,-71.689499
SCC,70.194702,-148.464996
SCCF,-22.498199,-68.903603
SCCI,-53.002602,-70.854599
SCDA,-20.536273,-70.181373
SCE,40.849374,-77.848520
SCEL,-33.393002,-70.785797
SCES,-26.311100,-69.765198
SCFA,-23.445274,-70.445232
SCIE,-36.772350,-73.062828
SCIP,-27.165411,-109.421027
SCJO,-40.611198,-73.060997
SCK,37.893279,-121.238079
SCL,-33.393002,-70.785797
SCM,61.844710,-165.575209
SCN,49.214545,7.109735
SCNT,-51.670670,-72.529078
SCO,43.860093,51.090860
SCPC,-39.292801,-71.915901
SCPQ,-42.340388,-73.715693
SCQ,42.896301,-8.415140
SCQP,-38.925900,-72.651500
SCR,61.165080,12.833520
SCSE,-29.916201,-71.199501
SCT,12.632093,53.906173
SCTE,-41.443093,-73.094065
SCU,19.974740,-75.835504
SCV,47.687500,26.354099
SCVD,-39.650002,-73.086098
SCVL,-39.796902,-73.241699
SCW,61.646999,50.845100
SCY,-0.910206,-89.617401
SCZ,-10.720300,165.794998
SDCO,-23.478001,-47.490002
SDD,-14.924839,13.576653
SDE,-27.765556,-64.309998
SDF,38.170600,-85.735076
SDG,35.245899,47.009201
SDJ,38.139702,140.917007
SDK,5.900900,118.058998
SDL,62.528099,17.443899
SDN,61.830002,6.105830
SDP,55.313908,-160.522099
SDQ,18.429701,-69.668900
SDR,43.427101,-3.820010
SDS,38.060200,138.414001
SDU,-22.910397,-43.162820
SDW,16.002552,73.529846
SDY,47.705141,-104.194422
SDYG,-13.240032,-39.759292
SEA,47.447943,-122.310276
SEB,26.992452,14.466162
SECA,-3.995606,-79.371902
SECO,-0.462886,-76.986801
SECU,-2.889470,-78.984398
SEGS,-0.453758,-90.265900
SEGU,-2.157420,-79.883598
SEII,-0.942628,-90.953003
SEK,67.480500,153.736400
SELT,-0.906833,-78.615799
SEMC,-2.299170,-78.120796
SEMT,-0.946078,-80.678802
SEN,51.570562,0.693627
SEQM,-0.125399,-78.354306
SERO,-3.441986,-79.996957
SESA,-2.210057,-80.985067
SEST,-0.910206,-89.617401
SET,-8.061433,-38.328888
SETN,0.978519,-79.626602
SETU,0.809506,-77.708099
SEU,-2.458060,34.822498
SEZ,-4.674340,55.521801
SFA,34.717999,10.691000
SFAL,-51.685699,-57.777599
SFB,28.774277,-81.234626
SFC,16.257799,-61.262501
SFG,18.100057,-63.047444
SFJ,67.010446,-50.715294
SFL,14.885000,-24.480000
SFN,-31.711700,-60.811700
SFO,37.619806,-122.374821
SFS,14.794833,120.271883
SFT,64.624802,21.076900
SGAS,-25.240156,-57.519227
SGC,61.340501,73.405782
SGD,54.964401,9.791730
SGEN,-27.227537,-55.837584
SGES,-25.457186,-54.839544
SGF,37.245047,-93.388596
SGG,65.905920,-36.378254
SGN,10.818800,106.652000
SGO,-28.049700,148.595001
SGU,37.036389,-113.510306
SGY,59.460343,-135.316651
SHA,31.198104,121.334260
SHB,43.577499,144.960007
SHC,14.075699,38.273592
SHD,38.263802,-78.896400
SHE,41.639800,123.483668
SHF,44.242100,85.890500
SHG,66.888100,-157.162003
SHH,66.249604,-166.089112
SHI,24.826700,125.144997
SHJ,25.328600,55.517200
SHL,25.703600,91.978699
SHM,33.662201,135.363998
SHO,-26.358611,31.716944
SHR,44.769199,-106.980003
SHS,30.292810,112.448540
SHV,32.444747,-93.826741
SHW,17.466900,47.121399
SHY,-3.609300,33.503500
SID,16.741400,-22.949400
SIF,27.159803,84.980021
SIG,18.456800,-66.098099
SIH,29.262226,80.935968
SIN,1.350190,103.994003
SIS,-27.648600,22.999300
SIT,57.047100,-135.362000
SJC,37.362452,-121.929188
SJD,23.151919,-109.720731
SJE,2.579690,-72.639400
SJI,12.361500,121.046997
SJJ,43.824600,18.331499
SJK,-23.229200,-45.861500
SJL,-0.148350,-66.985500
SJO,9.993860,-84.208801
SJP,-20.817113,-49.406963
SJT,31.357700,-100.496002
SJU,18.439400,-66.001801
SJW,38.280701,114.696999
SJZ,38.665501,-28.175800
SJZA,-6.882700,-38.615830
SKAR,4.452780,-75.766400
SKAS,0.505228,-76.500800
SKB,17.310845,-62.719117
SKBG,7.126500,-73.184800
SKBO,4.701590,-74.146900
SKBQ,10.889600,-74.780800
SKBS,6.202920,-77.394700
SKBU,3.819630,-76.989800
SKCC,7.927570,-72.511500
SKCG,10.442400,-75.513000
SKCL,3.542717,-76.381898
SKCO,1.814420,-78.749200
SKCZ,9.332740,-75.285600
SKD,39.701842,66.981467
SKEJ,7.024330,-73.806800
SKFL,1.589190,-75.564400
SKG,40.519280,22.970009
SKGP,2.570130,-77.897969
SKH,28.586000,81.636002
SKIB,4.421610,-75.133300
SKIP,0.861946,-77.671783
SKK,64.371101,-161.223999
SKLC,7.811960,-76.716400
SKLG,-0.182278,-74.770800
SKLP,-1.324882,-69.581294
SKLT,-4.191147,-69.942003
SKMD,6.219686,-75.590597
SKMR,8.823740,-75.825800
SKMU,1.253660,-70.233900
SKMZ,5.029600,-75.464700
SKN,68.578827,15.033417
SKNA,2.175650,-73.786740
SKNQ,5.710348,-77.261868
SKNV,2.950150,-75.294000
SKO,12.915729,5.207547
SKP,41.958087,21.622581
SKPC,6.184720,-67.493200
SKPD,3.853530,-67.906200
SKPE,4.812670,-75.739500
SKPP,2.454359,-76.609253
SKPS,1.396722,-77.290930
SKPV,13.357461,-81.357977
SKRA,-2.895802,-69.749762
SKRG,6.164540,-75.423100
SKRH,11.526200,-72.926000
SKSA,6.951868,-71.857179
SKSJ,2.579690,-72.639400
SKSM,11.119600,-74.230600
SKSP,12.583600,-81.711200
SKSV,2.152170,-74.766300
SKT,32.535941,74.364623
SKTL,9.509450,-75.585400
SKTM,6.451080,-71.760300
SKU,38.967602,24.487200
SKUC,7.068880,-70.736900
SKUI,5.690760,-76.641200
SKVP,10.435000,-73.249500
SKVV,4.167870,-73.613800
SKX,54.125130,45.212257
SKYP,5.319110,-72.384000
SKZ,27.722000,68.791702
SLA,-24.856001,-65.486198
SLAL,-19.246835,-65.149611
SLC,40.788860,-111.979866
SLCB,-17.421105,-66.177102
SLCO,-11.039109,-68.782774
SLD,48.637798,19.134100
SLE,44.909500,-123.002998
SLET,-17.811600,-63.171501
SLGM,-10.888560,-65.380955
SLH,-13.851700,167.537003
SLHI,-16.976834,-65.145568
SLI,-12.173700,26.365101
SLK,44.386910,-74.204629
SLL,17.038700,54.091301
SLLP,-16.510272,-68.189416
SLM,40.952099,-5.501990
SLN,38.791000,-97.652199
SLOR,-17.956151,-67.075829
SLP,22.262026,-100.935692
SLPR,-11.107663,-67.551155
SLPS,-18.975301,-57.820599
SLQ,61.700500,-157.166000
SLRI,-11.009355,-66.075468
SLRQ,-14.427900,-67.496803
SLTJ,-21.555700,-64.701302
SLTR,-14.818700,-64.917999
SLU,14.020200,-60.992901
SLUY,-20.441304,-66.857553
SLVR,-17.644800,-63.135399
SLW,25.537860,-100.928346
SLX,21.333000,-71.199997
SLY,66.590797,66.611000
SLZ,-2.586386,-44.235008
SMA,36.971401,-25.170601
SMDA,4.111359,-54.672766
SMEG,5.863807,-55.189504
SMF,38.695400,-121.591003
SMGH,4.058300,-54.786100
SMI,37.689999,26.911699
SMJP,5.452830,-55.187801
SMK,63.490101,-162.110001
SML,23.582317,-75.268621
SMMO,5.607600,-54.400300
SMN,45.122233,-113.881960
SMQ,-2.499198,112.974987
SMR,11.119600,-74.230600
SMS,-17.093901,49.815800
SMT,-12.479177,-55.672341
SMW,26.731987,-11.683655
SMWA,5.841252,-56.673247
SMX,34.898899,-120.457001
SMZO,5.811211,-55.192299
SNA,33.675063,-117.869281
SNB,-11.417674,130.648481
SNBR,-12.078900,-45.008999
SNC,-2.210057,-80.985067
SNE,16.588852,-24.284132
SNEB,-3.019798,-47.316474
SNGA,-20.646500,-40.491901
SNHS,-8.061433,-38.328888
SNN,52.702000,-8.924820
SNO,17.195101,104.119003
SNP,57.166311,-170.222555
SNRU,-8.282390,-36.013500
SNSM,-0.696111,-47.336111
SNU,22.492215,-79.943119
SNV,4.554699,-61.145234
SNVB,-13.296500,-38.992401
SNVS,-1.636530,-50.443600
SNW,18.460699,94.300102
SNX,35.591099,53.495098
SNYA,-1.479524,-52.578214
SNZR,-17.242599,-46.883099
SOB,46.686391,17.159084
SOC,-7.516044,110.757492
SOCA,4.819964,-52.361326
SOD,-23.478001,-47.490002
SOF,42.696357,23.417671
SOG,61.156101,7.137780
SOJ,69.786797,20.959400
SOM,8.945147,-64.151085
SON,-15.505000,167.220001
SOOA,3.655907,-54.039431
SOOM,5.481891,-54.034964
SOQ,-0.894000,131.287000
SOU,50.950298,-1.356800
SOV,59.442981,-151.705227
SOW,34.264062,-110.007091
SOY,59.155300,-2.641390
SPB,18.338204,-64.939675
SPC,28.626499,-17.755600
SPCL,-8.378064,-74.574495
SPD,25.759199,88.908897
SPEO,-9.149610,-78.523804
SPHI,-6.789223,-79.828254
SPHO,-13.154800,-74.204399
SPHY,-13.706400,-73.350403
SPI,39.844101,-89.677902
SPJC,-12.021900,-77.114305
SPJE,-5.592480,-78.774002
SPJJ,-11.783100,-75.473396
SPJL,-15.467689,-70.156530
SPJR,-7.139180,-78.489403
SPLO,-17.695000,-71.344002
SPME,-3.552074,-80.381086
SPMS,-5.893770,-76.118202
SPN,15.119384,145.728848
SPNC,-9.878810,-76.204803
SPP,-14.657600,17.719801
SPPY,-6.201911,-77.856195
SPQT,-3.784740,-73.308800
SPQU,-16.340786,-71.569485
SPR,17.913900,-87.971100
SPRU,-8.082382,-79.108821
SPS,33.988800,-98.491898
SPST,-6.508740,-76.373199
SPTN,-18.053301,-70.275803
SPTU,-12.613600,-69.228600
SPU,43.538898,16.298000
SPUR,-5.205750,-80.616402
SPX,30.108179,30.895728
SPY,4.746720,-6.660820
SPYL,-4.576640,-81.254097
SPZA,-14.854000,-74.961502
SPZO,-13.535700,-71.938797
SQD,28.379700,117.964300
SQG,-0.045214,111.458049
SQJ,26.426300,117.833600
SQL,37.513130,-122.250838
SRA,-27.906580,-54.520628
SRE,-19.246835,-65.149611
SRG,-6.970732,110.373244
SRK,77.786517,-70.638657
SRL,27.092700,-112.098500
SRP,59.791901,5.340850
SRQ,27.394631,-82.554359
SRT,1.727690,33.622799
SRV,61.789700,-156.589005
SRY,36.644408,53.188761
SRZ,-17.811600,-63.171501
SSA,-12.908611,-38.322498
SSB,17.747908,-64.707928
SSCN,-29.370091,-50.831729
SSFB,-26.059380,-53.063827
SSG,3.755270,8.708720
SSGY,-24.081100,-54.191700
SSH,27.977272,34.394717
SSJ,65.956802,12.468900
SSKW,-11.496000,-61.450800
SSR,-15.470800,168.151993
SST,-36.542300,-56.721800
SSUM,-23.798700,-53.313801
SSUV,-26.233224,-51.066754
SSW,48.673379,-123.175439
SSY,-6.269900,14.247000
SSZR,-27.906580,-54.520628
STC,45.546600,-94.059898
STD,7.565380,-72.035103
STG,56.577345,-169.663823
STI,19.404060,-70.604431
STL,38.748697,-90.370003
STM,-2.422423,-54.793060
STN,51.884998,0.235000
STR,48.689899,9.221960
STS,38.508999,-122.813003
STT,18.337091,-64.977251
STV,21.115531,72.743251
STW,45.109200,42.112801
STX,17.701413,-64.802608
SUB,-7.379830,112.787003
SUF,38.906214,16.246007
SUG,9.755838,125.480947
SUI,42.858200,41.128101
SUJ,47.703300,22.885700
SUK,67.792000,130.394000
SULS,-34.855099,-55.094299
SUMU,-34.835647,-56.026497
SUN,43.504398,-114.295998
SUR,52.708599,-88.541901
SURV,-30.974600,-55.476200
SUV,-18.044226,178.561486
SUX,42.397605,-96.382237
SUY,62.185001,117.635002
SVA,63.686401,-170.492996
SVB,-14.278600,50.174702
SVBC,10.111111,-64.692222
SVBI,8.615000,-70.214167
SVBM,10.042747,-69.358620
SVC,32.636701,-108.154736
SVCN,6.231989,-62.854850
SVCP,10.660014,-63.261681
SVCR,11.414944,-69.680901
SVCU,10.450333,-64.130470
SVD,13.159725,-61.148801
SVG,58.876701,5.637780
SVI,2.152170,-74.766300
SVIE,10.794432,-63.981590
SVJ,68.243301,14.669200
SVJC,11.780775,-70.151497
SVL,61.943100,28.945101
SVMC,10.557542,-71.729307
SVMG,10.912603,-63.966599
SVMI,10.602214,-66.991174
SVMT,9.749023,-63.153348
SVO,55.976858,37.411210
SVPR,8.288530,-62.760399
SVQ,37.417999,-5.893110
SVR,76.018613,-65.117683
SVRS,11.946935,-66.668333
SVS,66.016727,-149.056835
SVSA,7.840809,-72.439878
SVSE,4.554699,-61.145234
SVSO,7.565380,-72.035103
SVST,8.945147,-64.151085
SVU,-16.803394,179.340587
SVVA,10.149733,-67.928398
SVVG,8.624139,-71.672668
SVVL,9.340478,-70.584061
SVX,56.743099,60.802700
SVZ,7.840809,-72.439878
SWA,23.552000,116.503300
SWBC,-0.981191,-62.918603
SWBR,-4.406340,-59.602402
SWCA,-4.871473,-66.897552
SWF,41.504210,-74.108901
SWGN,-7.227870,-48.240501
SWL,10.524298,119.272899
SWLB,-7.278970,-64.769501
SWO,36.162132,-97.085581
SWQ,-8.489040,117.412003
SWTP,-0.378604,-64.992558
SWTS,-14.662000,-57.443744
SWX,-18.373899,21.832600
SXB,48.538300,7.628230
SXK,-7.848354,131.337068
SXM,18.041000,-63.108898
SXP,62.520599,-164.848006
SXR,33.987099,74.774200
SYB,58.373291,-152.201797
SYCJ,6.498550,-58.254101
SYD,-33.946098,151.177002
SYEC,6.805881,-58.107657
SYF,49.151000,-123.698000
SYKA,5.177349,-59.488980
SYLT,3.372760,-59.789398
SYM,22.793301,100.959000
SYO,38.812199,139.787003
SYQ,9.957050,-84.139801
SYR,43.111198,-76.106300
SYS,71.927902,114.080002
SYU,-10.208300,142.824997
SYX,18.302900,109.412003
SYY,58.215599,-6.331110
SYZ,29.539200,52.589802
SZA,-6.141090,12.371800
SZB,3.130580,101.549004
SZE,11.787500,40.991500
SZF,41.253988,36.567546
SZG,47.793301,13.004300
SZH,39.273241,112.691552
SZI,47.487491,84.887675
SZK,-24.960850,31.588587
SZX,22.639474,113.803262
SZY,53.481899,20.937700
SZZ,53.584702,14.902200
TAB,11.149571,-60.831298
TAC,11.227761,125.027783
TAE,35.894394,128.656989
TAG,9.573045,123.770143
TAH,-19.455099,169.223999
TAI,13.686000,44.139099
TAK,34.214963,134.015454
TAL,65.174400,-152.108994
TAM,22.292622,-97.867058
TAO,36.361953,120.088171
TAP,14.794549,-92.369871
TAPA,17.136700,-61.792702
TAPB,17.621194,-61.798347
TAS,41.257900,69.281197
TAT,49.070994,20.241394
TAY,58.307438,26.686473
TAZ,41.759853,59.836149
TBB,13.049600,109.334000
TBG,-5.280471,141.227576
TBH,12.311000,122.084999
TBI,24.315300,-75.452301
TBJ,36.980000,8.876940
TBM,-1.469024,113.080984
TBN,37.741600,-92.140701
TBO,-5.076390,32.833302
TBP,-3.552074,-80.381086
TBPB,13.074667,-59.491034
TBS,41.669201,44.954700
TBT,-4.255670,-69.935799
TBU,-21.241438,-175.149164
TBZ,38.133900,46.235001
TCA,-19.634399,134.182999
TCB,26.745300,-77.391296
TCD,-2.895802,-69.749762
TCG,46.672501,83.340797
TCO,1.814420,-78.749200
TCP,29.594496,34.775752
TCQ,-18.053301,-70.275803
TCR,8.724241,78.025803
TCT,62.993206,-156.029026
TCZ,24.938056,98.485833
TDCF,15.336693,-61.392108
TDD,-14.818700,-64.917999
TDK,45.122550,78.442758
TDPD,15.546673,-61.301082
TDS,-7.621700,142.868000
TDX,12.274600,102.319000
TEB,40.850101,-74.060799
TEE,35.431599,8.120720
TEK,60.871449,-146.690297
TEN,27.883333,109.308889
TEQ,41.138199,27.919100
TER,38.761799,-27.090799
TET,-16.104799,33.640202
TEX,37.953800,-107.907997
TEZ,26.709101,92.784698
TFF,-3.382940,-64.724098
TFFA,16.296902,-61.084400
TFFB,16.013648,-61.742928
TFFC,16.257799,-61.262501
TFFF,14.591000,-61.003201
TFFG,18.100057,-63.047444
TFFJ,17.904398,-62.843333
TFFM,15.868925,-61.270087
TFFR,16.265443,-61.532754
TFI,-9.075954,149.319839
TFN,28.482752,-16.341707
TFS,28.044500,-16.572500
TFU,30.312520,104.441284
TGD,42.359402,19.251900
TGG,5.382640,103.102997
TGH,-16.891100,168.550995
TGJ,-21.096407,167.803790
TGM,46.467701,24.412500
TGO,43.556702,122.199997
TGPY,12.003996,-61.785302
TGPZ,12.476100,-61.472801
TGQ,-14.662000,-57.443744
TGR,33.067799,6.088670
TGT,-5.092360,39.071201
TGU,14.060900,-87.217201
TGZ,16.561611,-93.025731
THD,19.901667,105.467778
THE,-5.060250,-42.823712
THG,-24.494863,150.577967
THL,20.483801,99.935402
THN,58.318100,12.345000
THO,66.218459,-15.334739
THQ,34.560100,105.860343
THR,35.689175,51.314392
THS,17.238001,99.818199
THX,65.797203,87.935303
TIA,41.414700,19.720600
TIE,7.202400,35.415000
TIF,21.484739,40.544074
TIH,-15.119600,-148.231003
TIJ,32.541043,-116.969976
TIM,-4.529780,136.887388
TIN,27.700399,-8.167100
TIQ,14.999207,145.619355
TIR,13.631988,79.539869
TIST,18.337091,-64.977251
TISX,17.701413,-64.802608
TIU,-44.302799,171.225006
TIV,42.404701,18.723301
TIW,47.267407,-122.577295
TIZ,-5.845000,142.947998
TJA,-21.555700,-64.701302
TJBQ,18.494900,-67.129402
TJCP,18.312954,-65.303893
TJG,-2.216560,115.435997
TJH,35.512798,134.787003
TJIG,18.456800,-66.098099
TJK,40.324720,36.390560
TJL,-20.752643,-51.682026
TJM,57.178984,65.327696
TJMZ,18.255699,-67.148499
TJPS,18.008301,-66.563004
TJQ,-2.744109,107.754535
TJRV,18.247262,-65.639790
TJS,2.838139,117.374584
TJSJ,18.439400,-66.001801
TJU,37.988098,69.805000
TJVQ,18.134800,-65.493599
TKD,4.896060,-1.774760
TKE,57.779701,-135.218002
TKF,39.318628,-120.140562
TKG,-5.246803,105.182531
TKJ,63.329498,-142.953995
TKK,7.461870,151.843002
TKM,56.361668,114.930000
TKN,27.836382,128.881356
TKP,-14.709500,-145.246002
TKPK,17.310845,-62.719117
TKPN,17.205700,-62.589901
TKQ,-4.886200,29.670900
TKS,34.132559,134.607816
TKU,60.514099,22.262800
TKV,-17.355226,-138.447340
TKX,-14.455800,-145.024994
TLA,65.240402,-166.339005
TLC,19.336900,-99.565830
TLE,-23.383400,43.728500
TLH,30.401209,-84.354330
TLI,1.123428,120.793658
TLL,59.413246,24.832640
TLM,35.012732,-1.457117
TLN,43.097301,6.146030
TLPC,14.020200,-60.992901
TLPL,13.733200,-60.952599
TLQ,43.030800,89.098700
TLS,43.629101,1.363820
TLT,61.086973,-160.922842
TLU,9.509450,-75.585400
TLV,32.011398,34.886700
TLY,44.814999,136.292007
TMC,-9.409224,119.242558
TME,6.451080,-71.760300
TMF,2.211000,73.153300
TMG,5.402570,118.657630
TMH,-6.096690,140.303521
TMI,27.315001,87.193298
TMJ,37.287261,67.311869
TML,9.553909,-0.866060
TMM,-18.113537,49.392262
TMP,61.414101,23.604401
TMR,22.810992,5.450832
TMS,0.378175,6.712150
TMT,-1.489600,-56.396801
TMW,-31.077898,150.845484
TMX,29.237101,0.276033
TNA,36.857201,117.216003
TNC,65.563103,-167.921997
TNCA,12.501056,-70.014281
TNCB,12.131000,-68.268501
TNCC,12.188900,-68.959801
TNCE,17.496500,-62.979401
TNCM,18.041000,-63.108898
TNCS,17.645330,-63.220514
TND,21.788300,-79.997200
TNE,30.605101,130.990997
TNG,35.731741,-5.921459
TNH,42.048435,125.733963
TNJ,0.923970,104.533410
TNK,60.569638,-165.246649
TNN,22.950399,120.206001
TNR,-18.796900,47.478802
TOD,2.818180,104.160004
TOE,33.939701,8.110560
TOF,56.380299,85.208298
TOG,59.052799,-160.397003
TOL,41.586800,-83.807800
TOM,16.730499,-3.007580
TOS,69.683296,18.918900
TOU,-20.790127,165.259524
TOW,-24.686300,-53.697498
TOY,36.648416,137.187359
TPA,27.975500,-82.533203
TPE,25.077700,121.233002
TPI,-8.356667,146.989167
TPJ,27.350900,87.695250
TPP,-6.508740,-76.373199
TPQ,21.419833,-104.842472
TPS,37.911400,12.488000
TQA,73.373055,-56.060280
TQI,65.892027,-37.783409
TQO,20.172098,-87.660272
TQPF,18.204773,-63.053830
TQR,42.117775,15.490655
TRA,24.653793,124.675453
TRC,25.562265,-103.404608
TRD,63.457802,10.924000
TRE,56.499199,-6.869170
TRF,59.186699,10.258600
TRG,-37.671902,176.195999
TRI,36.475201,-82.407401
TRK,3.325145,117.564169
TRN,45.200802,7.649630
TRPG,16.791835,-62.193204
TRR,8.539159,81.181280
TRS,45.827862,13.466672
TRT,-3.184359,119.919104
TRU,-8.082382,-79.108821
TRV,8.481889,76.920029
TRW,1.381640,173.147003
TRZ,10.762915,78.717741
TSA,25.067244,121.552822
TSF,45.648399,12.194400
TSJ,34.284901,129.330994
TSM,36.452494,-105.677490
TSN,39.124401,117.346001
TSR,45.809898,21.337900
TSS,40.742372,-73.972074
TST,7.508740,99.616600
TSV,-19.252904,146.766512
TTA,28.447563,-11.161749
TTCP,11.149571,-60.831298
TTE,0.831012,127.381611
TTJ,35.530058,134.165023
TTN,40.276699,-74.813499
TTPP,10.595350,-61.337568
TTS,-16.751064,47.619016
TTT,22.754856,121.101794
TTU,35.594299,-5.320020
TTW,6.287600,81.290600
TUA,0.809506,-77.708099
TUB,-23.365400,-149.524002
TUC,-26.837397,-65.104195
TUF,47.432201,0.727606
TUG,17.643368,121.733150
TUI,31.692188,38.731544
TUK,25.984767,63.028856
TUL,36.197084,-95.886225
TUN,36.851002,10.227200
TUO,-38.739700,176.084000
TUP,34.268101,-88.769897
TUPJ,18.445492,-64.541707
TUPW,18.446634,-64.427932
TUR,-3.786010,-49.720299
TUS,32.115004,-110.938053
TUU,28.371100,36.624865
TVC,44.741402,-85.582199
TVF,48.065701,-96.184998
TVS,39.717800,118.002625
TVSA,13.159725,-61.148801
TVSB,12.988400,-61.262001
TVSC,12.699000,-61.342400
TVSM,12.887900,-61.180199
TVSU,12.600135,-61.411945
TVT,41.312889,69.395535
TVU,-16.690599,-179.876999
TVY,14.103900,98.203598
TWA,59.074713,-160.274992
TWC,39.886663,79.233408
TWF,42.481800,-114.487999
TWT,5.048196,119.743338
TWU,4.313380,118.121520
TXE,4.721130,96.851943
TXK,33.453701,-93.990997
TXKF,32.363802,-64.678240
TXN,29.733299,118.255997
TYF,60.157600,12.991300
TYL,-4.576640,-81.254097
TYN,37.746899,112.627998
TYR,32.354099,-95.402397
TYS,35.811001,-83.994003
TZA,17.517239,-88.195775
TZL,44.459858,18.723627
TZN,24.158701,-77.589798
TZX,40.995098,39.789700
UAAA,43.354267,77.042828
UAAH,46.894246,75.004533
UAAL,46.190767,80.830922
UAAT,45.122550,78.442758
UACC,51.027035,71.467094
UACK,53.329102,69.594597
UACP,54.775622,69.187415
UADD,42.853600,71.303596
UAFA,42.153099,77.563904
UAFE,41.484501,71.733704
UAFF,42.828899,75.335999
UAFS,40.271702,72.047096
UAFT,42.505901,72.263100
UAFZ,41.410291,74.044418
UAH,-8.936228,-139.554062
UAI,-9.301856,125.286302
UAII,42.365021,69.475640
UAIT,43.311087,68.550352
UAK,61.159580,-45.424690
UAKD,47.708953,67.738094
UAKK,49.670799,73.334396
UAOL,45.621994,63.210773
UAOO,44.706902,65.592499
UAP,-9.351670,-140.078003
UAQ,-31.571501,-68.418198
UAR,32.514306,-1.983056
UARR,51.151976,51.543652
UASK,50.035033,82.496057
UASP,52.194982,77.073088
UASS,50.351295,80.234398
UASU,47.091786,81.668216
UASZ,47.487491,84.887675
UATE,43.860093,51.090860
UATG,47.121318,51.820343
UATT,50.248116,57.204144
UAUU,53.206902,63.550301
UBA,-19.765036,-47.964805
UBB,-9.950168,142.195230
UBBB,40.472780,50.050931
UBBG,40.738692,46.320383
UBBL,38.757919,48.807042
UBBN,39.188801,45.458401
UBBQ,40.808617,47.725389
UBJ,33.930000,131.279007
UBLC,39.883787,46.363137
UBN,47.646916,106.819833
UBP,15.251300,104.870003
UCB,41.130266,113.107274
UCFB,40.042899,70.837840
UCFD,40.944401,72.977798
UCFK,42.508099,78.407799
UCFL,42.585584,76.701181
UCFM,43.061298,74.477600
UCFN,41.441502,76.130600
UCFO,40.609001,72.793297
UCFR,39.824737,69.568820
UCT,63.566898,53.804699
UDI,-18.883579,-48.225936
UDR,24.617701,73.896103
UDSG,40.750401,43.859299
UDYZ,40.148941,44.397887
UEBB,67.648003,134.695007
UEBT,70.011002,135.645004
UEEE,62.093300,129.770996
UEL,-17.855499,36.869099
UELL,56.913898,124.914001
UEMA,66.450861,143.261551
UEMO,60.401833,120.476094
UEMT,64.550003,143.115005
UEMU,60.357437,134.437310
UENI,63.458057,120.269165
UENS,62.185001,117.635002
UENW,63.756668,121.693336
UEO,26.363445,126.713840
UERL,60.723594,114.825319
UERP,66.400398,112.029999
UERR,62.534698,114.039001
UERS,71.927902,114.080002
UESO,70.623100,147.901993
UESS,68.740601,161.337997
UEST,71.697701,128.903000
UESU,65.748500,150.888900
UET,30.251400,66.937798
UEVV,66.796501,123.361000
UFA,54.557499,55.874401
UGA,48.855000,103.475998
UGAM,42.526870,43.135380
UGC,41.582740,60.643380
UGI,57.730400,-153.320999
UGKO,42.177448,42.485353
UGMS,43.053597,42.749012
UGSA,41.921198,44.714186
UGSB,41.609390,41.600315
UGSS,42.858200,41.128101
UGTB,41.669201,44.954700
UGU,-3.739503,137.031183
UHBB,50.426723,127.415502
UHHH,48.528338,135.188588
UHKK,50.409000,136.934006
UHMA,64.734902,177.740997
UHMF,62.457001,155.744995
UHMH,62.764995,148.147014
UHMK,67.845001,166.139999
UHMM,59.910999,150.720001
UHMN,65.239998,160.539993
UHMO,64.665446,170.417626
UHMP,69.783302,170.597000
UHNB,52.381041,140.449378
UHNN,53.154999,140.649994
UHOO,59.410065,143.056503
UHPK,56.238854,162.689989
UHPP,53.168716,158.451068
UHSI,45.256389,147.955490
UHSK,49.190300,142.082993
UHSM,43.961066,145.684977
UHSS,46.885461,142.717466
UHWP,44.814999,136.292007
UHWW,43.396256,132.148155
UIAA,52.024841,113.305839
UIB,5.690760,-76.641200
UIBB,56.369600,101.701822
UIH,13.955000,109.042000
UII,16.113100,-86.880302
UIIH,53.217869,107.410469
UIII,52.266707,104.395563
UIKB,57.866100,114.242996
UIN,39.942699,-91.194603
UIO,-0.125399,-78.354306
UIT,5.909213,169.637256
UITT,56.856701,105.730003
UIUN,55.800800,109.595001
UIUU,51.808614,107.439652
UJE,8.928060,165.761993
UKB,34.632801,135.223999
UKE,20.097778,83.183333
UKG,70.011002,135.645004
UKK,50.035033,82.496057
UKX,56.856701,105.730003
ULAA,64.600304,40.716702
ULAL,64.896004,45.723000
ULAM,67.639999,53.121899
ULDD,69.763712,61.556711
ULG,48.993301,89.922501
ULH,26.483634,38.117048
ULK,60.723594,114.825319
ULKK,61.235802,46.697498
ULLI,59.800301,30.262501
ULMM,68.781700,32.750801
ULO,50.066588,91.938273
ULOO,57.781316,28.393840
ULP,-26.609176,144.253746
ULPB,61.885201,34.154701
ULU,2.805560,32.271801
ULV,54.270160,48.225569
ULWC,59.273602,38.015800
ULWU,60.788300,46.259998
ULY,54.401001,48.802700
ULZ,47.709300,96.525800
UMBB,52.108138,23.896760
UMD,70.680428,-52.111630
UME,63.791801,20.282801
UMGG,52.527000,31.016701
UMKK,54.891610,20.598559
UMMS,53.888071,28.039964
UMOO,53.954899,30.095100
UMS,60.357437,134.437310
UMU,-23.798700,-53.313801
UNA,-15.354358,-38.998729
UNAA,53.740002,91.385002
UNBB,53.361285,83.539701
UNEE,55.270100,86.107201
UNG,-6.125710,141.281998
UNI,12.600135,-61.411945
UNII,58.474201,92.112503
UNIS,60.373299,93.011703
UNIT,64.333511,100.432892
UNIW,60.356229,102.309641
UNK,63.888401,-160.798996
UNKL,56.175743,92.485788
UNKM,56.177584,92.545881
UNKY,51.669399,94.400597
UNN,9.777620,98.585503
UNNT,55.019756,82.618675
UNOO,54.963124,73.312418
UNTT,56.380299,85.208298
UNWW,53.811401,86.877197
UOHH,71.978104,102.490997
UOII,67.437202,86.621902
UOL,1.102318,121.413358
UOOO,69.307951,87.325906
UOTT,65.797203,87.935303
UPG,-5.075539,119.553702
UPN,19.396700,-102.039001
URA,51.151976,51.543652
URC,43.913584,87.479372
URE,58.229900,22.509501
URG,-29.782200,-57.038200
URJ,60.103298,64.826698
URKG,44.582093,38.012481
URKK,45.034465,39.174215
URMG,43.388106,45.699772
URML,42.816799,47.652302
URMM,44.225101,43.081902
URMN,43.512901,43.636600
URMO,43.205101,44.606602
URMS,43.323268,45.012568
URMT,45.109200,42.112801
URSS,43.449902,39.956600
URT,9.132600,99.135597
URWA,46.282843,48.010511
URWI,46.373901,44.330898
URWW,48.781340,44.339194
URY,31.412413,37.278898
USA,35.387798,-80.709099
USCC,55.303141,61.504927
USCM,53.391991,58.755235
USDA,71.219167,72.052222
USDB,70.315278,68.333611
USDD,66.590797,66.611000
USDO,63.987808,82.050889
USH,-54.843300,-68.295800
USHH,61.028500,69.086098
USHL,59.725122,65.833281
USHN,62.110001,65.614998
USHQ,63.686901,66.698601
USHS,61.326622,63.601913
USHU,60.103298,64.826698
USII,56.834524,53.462172
USJ,46.190767,80.830922
USK,66.004700,57.367199
USKK,58.503883,49.347831
USM,9.547790,100.061996
USMM,65.480904,72.698898
USMU,66.069397,76.520302
USN,35.593498,129.352005
USNN,60.949299,76.483597
USPP,57.914501,56.021198
USR,64.550003,143.115005
USRK,62.190399,74.533798
USRO,63.183300,75.269997
USRR,61.340501,73.405782
USSS,56.743099,60.802700
UST,29.959200,-81.339798
USTJ,58.059712,68.347997
USTR,57.178984,65.327696
USU,12.121865,120.100801
USUU,55.475300,65.415604
UTAA,37.986801,58.361000
UTAK,40.062833,53.005085
UTAM,37.623530,61.895668
UTAN,39.681052,54.206008
UTAT,41.759853,59.836149
UTAV,38.930662,63.563982
UTDD,38.543746,68.822977
UTDK,37.988098,69.805000
UTDL,40.215401,69.694702
UTDT,37.866315,68.864475
UTH,17.386186,102.788577
UTK,11.222219,169.851429
UTN,-28.400246,21.263592
UTO,65.992798,-153.703995
UTP,12.679900,101.004997
UTT,-31.546363,28.673355
UUA,54.641184,52.800229
UUBA,57.796902,41.019402
UUBI,56.939400,40.940800
UUBW,55.553299,38.150002
UUD,51.808614,107.439652
UUDD,55.408798,37.906300
UUDL,57.560699,40.157398
UUEE,55.976858,37.411210
UUOO,51.814324,39.230948
UUS,46.885461,142.717466
UUWW,55.591499,37.261501
UUYH,63.566898,53.804699
UUYP,65.121101,57.130798
UUYS,66.004700,57.367199
UUYW,67.488602,63.993099
UUYY,61.646999,50.845100
UVE,-20.640932,166.573024
UVF,13.733200,-60.952599
UVI,-26.233224,-51.066754
UWGG,56.227351,43.785152
UWKB,54.641184,52.800229
UWKD,55.606201,49.278702
UWKE,55.564701,52.092499
UWKS,56.090302,47.347301
UWLL,54.270160,48.225569
UWLW,54.401001,48.802700
UWOO,51.792668,55.457229
UWOR,51.072498,58.595600
UWPP,53.110600,45.021099
UWPS,54.125130,45.212257
UWSB,51.858299,47.745602
UWSG,51.712778,46.171111
UWUU,54.557499,55.874401
UWWW,53.504902,50.164299
UYL,12.053500,24.956200
UYN,38.359710,109.590927
UYU,-20.441304,-66.857553
UZFA,40.727699,72.293999
UZFF,40.358799,71.745003
UZFN,40.984622,71.557800
UZNN,42.488400,59.623299
UZNU,41.582740,60.643380
UZR,47.091786,81.668216
UZSA,40.117599,65.172658
UZSB,39.775319,64.482279
UZSK,38.802246,65.773068
UZSS,39.701842,66.981467
UZST,37.287261,67.311869
UZTP,41.312889,69.395535
UZTT,41.257900,69.281197
UZTZ,40.014020,68.411030
VAA,63.050230,21.762543
VAAH,23.077200,72.634697
VAAM,20.814608,77.717765
VAAU,19.862875,75.396312
VABB,19.088699,72.867897
VABJ,23.287800,69.670197
VABO,22.336201,73.226303
VABP,23.287500,77.337402
VABV,21.752199,72.185204
VADU,20.714185,70.921855
VAGD,21.526817,80.290347
VAHS,22.378824,71.039391
VAI,-2.692600,141.302800
VAID,22.721404,75.800510
VAJB,23.177799,80.052002
VAJL,20.962678,75.627492
VAJM,22.465500,70.012604
VAK,61.540900,-165.600500
VAKE,23.112700,70.100304
VAKP,16.664700,74.289398
VAKS,21.317101,70.270401
VAL,-13.296500,-38.992401
VALT,18.411501,76.464699
VAM,3.471751,72.832633
VAN,38.468201,43.332298
VAND,19.183300,77.316704
VANM,18.984597,73.065253
VANP,21.092199,79.047203
VAO,-7.585560,158.731003
VAOZ,20.119101,73.912903
VAPO,18.582100,73.919701
VAPR,21.649524,69.656405
VAQ,60.356229,102.309641
VAR,43.232101,27.825100
VAS,39.813801,36.903500
VASD,19.689211,74.373655
VASU,21.115531,72.743251
VAUD,24.617701,73.896103
VAV,-18.585300,-173.962006
VAW,70.355400,31.044901
VBS,45.428902,10.330600
VBV,-17.268999,-178.975998
VBY,57.662800,18.346201
VCA,10.083397,105.709371
VCBI,7.180760,79.884102
VCCB,7.705073,81.677163
VCCC,6.821638,79.885859
VCCJ,9.792330,80.070099
VCCK,5.993680,80.320297
VCCT,8.539159,81.181280
VCE,45.505299,12.351900
VCL,15.403300,108.706001
VCP,-23.007404,-47.134502
VCRI,6.283878,81.124163
VCS,8.731830,106.633003
VCT,28.852600,-96.918503
VDBG,13.095600,103.223999
VDC,-14.907885,-40.914804
VDDS,10.914244,103.226652
VDE,27.814800,-17.887100
VDH,17.515000,106.590556
VDM,-40.869200,-63.000400
VDO,21.120693,107.415390
VDS,70.065300,29.844700
VDSA,13.369740,104.223831
VDSV,10.570557,103.632067
VDTI,11.359987,104.921272
VDZ,61.132712,-146.246567
VEAB,25.440100,81.733902
VEAP,22.987530,83.196120
VEAT,23.886999,91.240402
VEAY,26.747736,82.163664
VEBD,26.681200,88.328598
VEBI,25.703600,91.978699
VEBN,25.452171,82.862549
VEBS,20.251021,85.814747
VEBU,21.988400,82.111000
VECC,22.654012,88.447650
VECX,26.404301,80.410103
VEDG,23.622500,87.243000
VEDH,26.192801,85.916901
VEDO,24.446842,86.704955
VEE,67.008698,-146.365997
VEGK,26.739700,83.449699
VEGT,26.106654,91.585226
VEGY,24.744301,84.951202
VEHO,26.966830,93.638792
VEIM,24.760000,93.896698
VEJH,21.913500,84.050400
VEJR,19.074301,82.036797
VEJT,26.730456,94.175416
VEKO,24.817200,79.918602
VEKU,24.912901,92.978699
VEL,40.436214,-109.511661
VELP,23.840599,92.619698
VELR,27.295682,94.097266
VEMN,27.483900,95.016899
VEMR,25.883900,93.771103
VEO,60.373299,93.011703
VEPT,25.591299,85.087997
VER,19.139589,-96.188602
VERC,23.314301,85.321701
VERP,21.180401,81.738800
VERW,24.503401,81.220299
VETZ,26.709101,92.784698
VEUK,20.097778,83.183333
VFA,-18.097437,25.836867
VGA,16.530011,80.804888
VGBR,22.801001,90.301201
VGCB,21.457517,91.963263
VGEG,22.249599,91.813301
VGHS,23.843347,90.397783
VGJR,23.183800,89.160797
VGO,42.231800,-8.626770
VGRJ,24.437201,88.616501
VGSD,25.759199,88.908897
VGSY,24.963993,91.864749
VHHH,22.311840,113.914862
VHM,64.579102,16.833599
VHSS,22.288868,114.152369
VHV,63.458057,120.269165
VIAG,27.157975,77.961025
VIAR,31.709600,74.797302
VIAX,31.433800,75.758797
VIBR,31.876699,77.154404
VIBY,28.422100,79.450798
VICG,30.673500,76.788498
VIDN,30.189243,78.176651
VIDP,28.555630,77.095190
VIDX,28.707701,77.358902
VIE,48.110298,16.569700
VIG,8.624139,-71.672668
VIGG,32.164902,76.263018
VIGR,26.293301,78.227798
VIHR,29.186065,75.741420
VIHX,30.748501,75.629799
VII,18.737600,105.670998
VIJ,18.446634,-64.427932
VIJO,26.251101,73.048897
VIJP,26.824200,75.812202
VIJR,26.888700,70.864998
VIJU,32.688849,74.838152
VIKG,26.591007,74.812956
VIL,23.718300,-15.932000
VILH,34.135899,77.546501
VILK,26.760599,80.889297
VIMB,28.817460,78.921870
VIND,28.179868,77.611843
VIPK,32.233611,75.634444
VIPT,29.033400,79.473701
VISR,33.987099,74.774200
VISV,27.499732,82.032927
VIT,42.882801,-2.724470
VIX,-20.258000,-40.285000
VJB,-24.892909,33.753024
VKG,9.958030,105.132380
VKO,55.591499,37.261501
VKT,67.488602,63.993099
VLBK,20.323986,100.165392
VLC,39.489162,-0.480961
VLD,30.782499,-83.276703
VLI,-17.699301,168.320007
VLL,41.706100,-4.851940
VLLB,19.904273,102.167191
VLLN,20.966999,101.400002
VLN,10.149733,-67.928398
VLOS,20.682699,101.994003
VLPS,15.133973,105.779871
VLS,-16.796101,168.177002
VLV,9.340478,-70.584061
VLVT,17.985052,102.566692
VLXK,19.450001,103.157997
VMMC,22.149599,113.592003
VMU,-7.496955,144.821756
VNBP,27.678101,84.429398
VNBW,27.504636,83.410381
VNCG,26.570801,88.079597
VNDP,28.985659,82.818703
VNDT,29.262226,80.935968
VNJL,29.274200,82.193298
VNJP,26.708799,85.922401
VNJS,28.780426,83.723000
VNKT,27.696600,85.359100
VNLK,27.686768,86.729479
VNNG,28.103600,81.667000
VNO,54.634102,25.285801
VNPK,28.200621,83.981203
VNPR,28.183800,84.014700
VNS,25.452171,82.862549
VNSI,27.159803,84.980021
VNSK,28.586000,81.636002
VNSL,28.636161,82.450180
VNST,29.971100,81.818901
VNTJ,27.350900,87.695250
VNTR,27.315001,87.193298
VNVT,26.481501,87.264000
VNX,-22.018400,35.313301
VOAT,10.823700,72.176003
VOBL,13.197900,77.706299
VOBM,15.859300,74.618301
VOBZ,16.530011,80.804888
VOCB,11.030000,77.043404
VOCI,10.151047,76.400838
VOCL,11.135996,75.955152
VOCP,14.513154,78.769183
VOG,48.781340,44.339194
VOGA,15.744257,73.860625
VOGB,17.308154,76.965246
VOGO,15.380062,73.833328
VOHB,15.361084,75.082096
VOHS,17.231318,78.429855
VOKN,11.916343,75.544979
VOKU,15.716288,78.169230
VOL,39.219601,22.794300
VOMD,9.834510,78.093399
VOML,12.954710,74.886812
VOMM,12.990005,80.169296
VOMY,12.229751,76.653683
VOPB,11.640194,92.729020
VOPC,11.968000,79.812000
VORY,17.105799,81.813204
VOSR,16.002552,73.529846
VOTK,8.724241,78.025803
VOTP,13.631988,79.539869
VOTR,10.762915,78.717741
VOTV,8.481889,76.920029
VOVI,17.971512,83.503617
VOZ,51.814324,39.230948
VPE,-17.043501,15.683800
VPN,65.720596,-14.850600
VPS,30.481315,-86.515839
VPY,-19.151300,33.429001
VQBT,27.562200,90.747100
VQPR,27.403200,89.424599
VQS,18.134800,-65.493599
VQTY,27.256270,91.514633
VRA,23.034401,-81.435303
VRAH,6.969670,72.896287
VRB,27.655600,-80.417901
VRBK,6.630762,73.067815
VRC,13.576400,124.206001
VRCF,6.162443,73.287520
VRDA,5.817407,73.468404
VRL,41.274300,-7.720470
VRMD,5.156100,73.130200
VRMG,-0.692975,73.152627
VRMH,6.743235,73.167072
VRMK,1.859170,73.521896
VRMM,4.191830,73.529099
VRMO,0.732400,73.433600
VRMT,0.488131,72.996902
VRMV,3.471751,72.832633
VRN,45.394955,10.887303
VRNT,2.211000,73.153300
VRQF,0.192647,73.196755
VRQM,0.338085,73.512869
VRY,67.654555,12.727257
VSA,17.994283,-92.818199
VSE,40.725498,-7.888990
VST,59.589401,16.633600
VSV,27.499732,82.032927
VTBD,13.912600,100.607002
VTBO,12.274600,102.319000
VTBS,13.681100,100.747002
VTBU,12.679900,101.004997
VTCC,18.766800,98.962601
VTCH,19.301300,97.975800
VTCL,18.270901,99.504204
VTCN,18.807899,100.782997
VTCO,18.548986,99.012426
VTCT,19.952299,99.882896
VTE,17.985052,102.566692
VTPB,16.676001,101.195000
VTPH,12.636200,99.951500
VTPM,16.699900,98.545097
VTPO,17.238001,99.818199
VTPP,16.782900,100.278999
VTSB,9.132600,99.135597
VTSC,6.519920,101.742996
VTSE,10.711200,99.361702
VTSF,8.539620,99.944702
VTSG,8.095591,98.988955
VTSM,9.547790,100.061996
VTSP,8.113257,98.317400
VTSR,9.777620,98.585503
VTSS,6.933210,100.392998
VTST,7.508740,99.616600
VTU,20.987600,-76.935799
VTUD,17.386186,102.788577
VTUI,17.195101,104.119003
VTUJ,14.868300,103.498001
VTUK,16.466600,102.783997
VTUL,17.439100,101.722000
VTUO,15.229500,103.252998
VTUU,15.251300,104.870003
VTUV,16.116800,103.774002
VTUW,17.383801,104.642998
VTZ,17.971512,83.503617
VUP,10.435000,-73.249500
VUS,60.788300,46.259998
VVBM,12.668300,108.120003
VVC,4.167870,-73.613800
VVCA,15.403300,108.706001
VVCI,20.817428,106.724315
VVCM,9.177667,105.177778
VVCR,11.998200,109.219002
VVCS,8.731830,106.633003
VVCT,10.083397,105.709371
VVDB,21.397499,103.008003
VVDH,17.515000,106.590556
VVDL,11.750556,108.366997
VVDN,16.043900,108.198997
VVI,-17.644800,-63.135399
VVNB,21.221201,105.806999
VVO,43.396256,132.148155
VVPB,16.400628,107.703094
VVPC,13.955000,109.042000
VVPK,14.004500,108.016998
VVPQ,10.169783,103.993530
VVRG,9.958030,105.132380
VVTH,13.049600,109.334000
VVTS,10.818800,106.652000
VVTX,19.901667,105.467778
VVVD,21.120693,107.415390
VVVH,18.737600,105.670998
VVZ,26.723499,8.622650
VXC,-13.274000,35.266300
VXE,16.833363,-25.055308
VXO,56.929100,14.728000
VYBG,21.178801,94.930199
VYBM,24.270440,97.247600
VYDW,14.103900,98.203598
VYHH,20.747140,96.792029
VYI,63.756668,121.693336
VYKG,21.301600,99.636002
VYKI,25.988300,95.674400
VYKP,19.426399,93.534798
VYKT,10.049300,98.538002
VYLK,19.691500,97.214798
VYLS,22.977900,97.752197
VYMD,21.702200,95.977898
VYME,12.439800,98.621498
VYMK,25.383600,97.351898
VYMM,16.444700,97.660698
VYMS,20.516800,99.256798
VYMW,20.165600,94.941399
VYNT,19.623501,96.200996
VYPN,16.815201,94.779900
VYPT,27.329901,97.426300
VYSW,20.133165,92.870693
VYTD,18.460699,94.300102
VYTL,20.483801,99.935402
VYYY,16.907301,96.133202
WAA,65.622593,-168.095000
WAAA,-5.075539,119.553702
WABB,-1.190020,136.108002
WADB,-8.537184,118.685002
WADD,-8.748409,115.167123
WADE,-8.139292,114.615367
WADL,-8.759962,116.278169
WADS,-8.489040,117.412003
WADY,-8.310150,114.340100
WAE,20.504299,45.199600
WAEE,0.831012,127.381611
WAFB,-3.184359,119.919104
WAFD,-3.082270,120.244823
WAFF,-0.916462,119.908647
WAFL,1.123428,120.793658
WAFO,-2.201143,121.662884
WAFU,-0.865437,121.628625
WAFY,1.102318,121.413358
WAG,-39.963467,175.024440
WAGB,-1.025810,114.928810
WAGD,2.838139,117.374584
WAGF,-3.376062,112.536521
WAGG,-2.227146,113.943388
WAGI,-2.705200,111.672997
WAGS,-2.499198,112.974987
WAGT,-1.469024,113.080984
WAHH,-7.788180,110.431999
WAHI,-7.905338,110.057264
WAHL,-7.645060,109.033997
WAHQ,-7.516044,110.757492
WAHS,-6.970732,110.373244
WAHU,-5.800910,110.478380
WAJJ,-2.579627,140.519857
WAJK,-4.713481,140.740271
WAJO,-4.907100,140.627700
WAJV,-5.139139,140.717638
WAJW,-4.743448,140.848267
WAKK,-8.523898,140.419693
WAKT,-6.096690,140.303521
WALC,0.121656,117.476558
WALJ,0.807028,114.529052
WALL,-1.268342,116.894520
WALS,-0.374478,117.250128
WAMG,0.637119,122.849998
WAMH,3.684780,125.527162
WAMI,0.888550,124.033634
WAMM,1.548591,124.926250
WAOC,-3.412410,115.995003
WAOK,-3.294796,116.163815
WAON,-2.216560,115.435997
WAOO,-3.440112,114.761209
WAPF,-5.760278,132.759444
WAPM,-8.140683,127.909669
WAPN,-3.143159,126.976469
WAPP,-3.710260,128.089005
WAPS,-7.848354,131.337068
WAQH,3.598904,115.840817
WAQJ,3.900495,115.690089
WAQL,1.706932,114.969934
WAQM,3.575256,116.619769
WAQQ,3.325145,117.564169
WAQT,2.147760,117.430705
WARA,-7.929099,112.714233
WARD,-7.749527,111.946831
WARE,-8.242494,113.693476
WARR,-7.379830,112.787003
WASF,-2.920508,132.267011
WASK,-3.644600,133.695116
WASN,-0.424969,130.773535
WASS,-0.894000,131.287000
WATA,-9.074841,124.903285
WATC,-8.639514,122.238135
WATE,-8.849114,121.661010
WATG,-8.596171,120.478177
WATK,-9.409224,119.242558
WATL,-8.274424,123.002000
WATM,-8.132340,124.597000
WATO,-8.480694,119.888306
WATR,-10.765834,123.076046
WATT,-10.171600,123.670998
WATU,-9.669220,120.302002
WAUU,-0.891833,134.048996
WAVB,-3.684550,138.677437
WAVD,-4.855700,139.482006
WAVV,-4.097324,138.952417
WAW,52.165699,20.967100
WAWD,-5.292123,123.636233
WAWH,-6.179210,120.437479
WAWP,-4.338158,121.524047
WAWW,-4.081610,122.417999
WAYY,-4.529780,136.887388
WBB,63.515999,-162.278000
WBGB,3.123850,113.019997
WBGF,3.421000,115.153999
WBGG,1.487364,110.352859
WBGI,3.976087,115.067303
WBGJ,4.808300,115.010002
WBGK,2.881944,112.043333
WBGM,4.178734,114.330318
WBGQ,3.974000,115.617996
WBGR,4.322010,113.987000
WBGS,2.261600,111.985001
WBGW,4.849170,115.407997
WBGZ,3.734648,115.478548
WBKD,5.032410,118.323760
WBKK,5.932743,116.049324
WBKL,5.301667,115.248333
WBKM,5.402570,118.657630
WBKS,5.900900,118.058998
WBKT,6.924111,116.837068
WBKW,4.313380,118.121520
WBM,-5.635293,143.892231
WBMU,4.048330,114.805000
WBQ,66.362198,-147.406998
WBSB,4.944200,114.928001
WDH,-22.479900,17.470900
WDN,48.711410,-123.018208
WDS,32.592889,110.906296
WEF,36.646702,119.119003
WEH,37.187099,122.228996
WEI,-12.677493,141.922618
WFB,55.349899,-131.677002
WGA,-35.163484,147.468320
WGE,-30.032801,148.126007
WGN,26.806123,110.641042
WGP,-9.669220,120.302002
WHA,31.104500,118.666870
WHD,55.903324,-130.009975
WHK,-37.922224,176.916960
WIBB,0.458647,101.444321
WIBD,1.609026,101.433493
WIC,58.458900,-3.093060
WICA,-6.647384,108.165561
WICC,-6.900630,107.575996
WICN,-7.719895,108.488995
WIDD,1.121030,104.119003
WIDN,0.923970,104.533410
WIDO,3.908710,108.388000
WIEB,-2.100100,99.704400
WIEE,-0.785964,100.280384
WIGG,-3.863700,102.338997
WIHH,-6.266989,106.890318
WIII,-6.125570,106.655998
WIJB,-1.541635,102.181613
WIJI,-2.094042,101.470250
WIJJ,-1.638685,103.645063
WIKK,-2.162200,106.139000
WIKT,-2.744109,107.754535
WIL,-1.321720,36.814800
WILL,-5.246803,105.182531
WIMA,5.226680,96.950302
WIMB,1.166275,97.705196
WIMI,2.269614,97.967863
WIML,2.411328,96.327722
WIMM,3.637847,98.870566
WIMN,2.259730,98.991898
WIMO,-0.019240,98.300970
WIMS,1.557127,98.887145
WIMU,3.391456,97.863726
WIN,-22.363600,143.085999
WIOG,-0.348640,111.746155
WIOK,-1.817165,109.963469
WIOO,-0.152258,109.404493
WIOP,0.834579,112.940217
WIOS,-0.045214,111.458049
WIPP,-2.897653,104.698147
WIPQ,-3.286070,103.879997
WIPU,-2.541058,101.087651
WITC,4.040998,96.253312
WITK,4.721130,96.851943
WITT,5.525087,95.419970
WJR,1.733240,40.091599
WJU,37.437113,127.960051
WKA,-44.722091,169.246287
WKJ,45.404202,141.800995
WKK,59.282600,-158.617996
WLG,-41.326839,174.806862
WLH,-15.412000,167.690994
WLK,66.600098,-159.985992
WLS,-13.239445,-176.198650
WMBT,2.818180,104.160004
WMI,52.451099,20.651800
WMKA,6.189670,100.398003
WMKC,6.166850,102.292999
WMKD,3.775390,103.209000
WMKI,4.567330,101.091643
WMKJ,1.641310,103.669998
WMKK,2.745580,101.709999
WMKL,6.329730,99.728699
WMKM,2.265613,102.252778
WMKN,5.382640,103.102997
WMKP,5.296303,100.276185
WMN,-15.437742,49.689081
WMO,64.689201,-163.412994
WMPA,4.244720,100.553001
WMSA,3.130580,101.549004
WMT,27.961837,106.435416
WMX,-4.097324,138.952417
WNA,60.690300,-161.979004
WNH,23.558300,104.325500
WNI,-5.292123,123.636233
WNN,52.893902,-89.289200
WNP,13.584900,123.269997
WNR,-25.410641,142.668428
WNS,26.219400,68.390099
WNZ,27.910572,120.853465
WOS,39.165219,127.487931
WPDB,-9.301856,125.286302
WPDL,-8.546562,125.524507
WPEC,-8.486479,126.399981
WPL,49.887335,-124.533720
WPOC,-9.198419,124.337873
WRE,-35.769253,174.363713
WRG,56.484299,-132.369995
WRO,51.103719,16.882096
WRY,59.350475,-2.950062
WSK,31.068960,109.708958
WSN,58.702362,-157.005444
WSSL,1.415550,103.866730
WSSS,1.350190,103.994003
WST,41.349602,-71.803398
WSX,48.617901,-122.956903
WSZ,-41.737111,171.579033
WTA,-17.476101,43.972801
WTB,-27.558332,151.793335
WTE,9.458333,170.238611
WTK,67.561241,-162.980461
WTL,60.351243,-162.654476
WTO,10.173300,166.003006
WUA,39.793400,106.799300
WUH,30.774798,114.213723
WUN,-26.632691,120.221906
WUS,27.701900,118.000999
WUT,38.597456,112.969173
WUU,7.725830,27.975000
WUX,31.496952,120.430380
WUZ,23.403160,111.093310
WVB,-22.979332,14.647102
WWK,-3.583830,143.669006
WWP,56.116299,-133.121994
WWT,60.810370,-164.499511
WXN,30.801700,108.433000
WYA,-33.058899,137.514008
WYS,44.688400,-111.117996
XAI,32.540819,114.079141
XAP,-27.134199,-52.656601
XBE,53.965599,-91.027199
XBJ,32.896525,59.281258
XCH,-10.450387,105.691100
XCR,48.773330,4.206110
XEQ,60.194305,-44.813447
XFN,32.152222,112.291666
XGR,58.711399,-65.992798
XIC,27.989100,102.183998
XIL,43.915600,115.963997
XIQ,69.080915,-51.114315
XIY,34.442207,108.762385
XKH,19.450001,103.157997
XKS,53.524700,-88.642799
XLB,58.614279,-101.468954
XMH,-14.436800,-146.070007
XMN,24.543889,118.127454
XMS,-2.299170,-78.120796
XMY,-9.899187,142.774265
XNA,36.281898,-94.306801
XNN,36.527750,102.040215
XPK,55.749199,-101.265999
XPL,14.382400,-87.621201
XQP,9.443160,-84.129799
XQU,49.337456,-124.393086
XRY,36.744598,-6.060110
XSC,21.515699,-71.528503
XSI,56.792801,-98.907204
XSP,1.415550,103.866730
XTG,-27.986368,143.812065
XTL,58.706308,-98.511057
XUZ,34.059056,117.555278
XWA,48.260863,-103.751160
XYA,-9.092816,159.218410
YAA,52.451501,-125.303776
YAB,73.006101,-85.046160
YABA,-34.943333,117.808889
YAC,51.727200,-91.824402
YAG,48.655749,-93.443490
YAJ,48.795274,-123.181801
YAK,59.508717,-139.660435
YAL,50.582199,-126.916000
YAM,46.483216,-84.508467
YAP,9.498910,138.082993
YAQ,48.816700,-123.608400
YARM,-30.528099,151.617004
YAS,-16.758900,177.544998
YAT,52.927502,-82.431900
YAUR,-13.354019,141.720028
YAV,48.852241,-123.301982
YAX,53.849201,-89.579399
YAY,51.391909,-56.083210
YAYE,-25.185913,130.977030
YAZ,49.079833,-125.775583
YBAR,-23.566268,145.302086
YBAS,-23.806588,133.903427
YBAU,-10.149550,142.173665
YBB,68.535711,-89.805508
YBBN,-27.384199,153.117004
YBC,49.132500,-68.204399
YBCG,-28.165962,153.506641
YBCK,-24.431678,145.429716
YBCS,-16.878921,145.749480
YBCV,-26.413300,146.261993
YBDG,-36.739399,144.330002
YBDV,-25.897499,139.348007
YBE,59.561401,-108.481003
YBF,48.835967,-125.137453
YBG,48.330123,-70.992012
YBHI,-32.001400,141.472000
YBHM,-20.358101,148.951996
YBI,53.469836,-55.787501
YBIE,-24.346100,139.460007
YBK,64.298897,-96.077797
YBKE,-30.039200,145.951996
YBKT,-17.748600,139.533997
YBL,49.950802,-125.271004
YBLN,-33.687222,115.400278
YBMA,-20.666380,139.488468
YBMK,-21.170816,149.182588
YBNA,-28.833236,153.561471
YBOI,-9.232780,142.218002
YBOK,-27.409262,151.736727
YBOU,-22.913300,139.899994
YBP,28.858431,104.526157
YBPN,-20.494416,148.553583
YBQ,48.970000,-123.664000
YBR,49.910000,-99.951897
YBRK,-23.380019,150.475359
YBRM,-17.949194,122.228300
YBSU,-26.593324,153.083190
YBT,57.889400,-101.679001
YBTH,-33.406817,149.651161
YBTL,-19.252904,146.766512
YBUD,-24.905039,152.322612
YBV,52.358898,-97.018303
YBW,48.750000,-123.233002
YBWP,-12.677493,141.922618
YBWW,-27.558332,151.793335
YBX,51.443600,-57.185299
YBY,54.304199,-110.744003
YCAR,-24.884337,113.666393
YCB,69.108101,-105.138000
YCBA,-31.538300,145.794006
YCBP,-29.038312,134.722166
YCCT,-10.050139,143.070007
YCCY,-20.668600,140.503998
YCD,49.054970,-123.869863
YCDU,-32.130600,133.710007
YCFS,-30.320601,153.115997
YCG,49.296398,-117.632004
YCHK,-22.354302,119.642603
YCK,67.020150,-126.128364
YCKN,-15.443649,145.183221
YCM,43.191598,-79.171686
YCMU,-28.030001,145.621994
YCNM,-30.980946,148.377833
YCO,67.816408,-115.143070
YCOE,-13.761133,143.113311
YCOM,-36.300445,148.972408
YCR,54.609758,-97.762442
YCS,63.346901,-90.731102
YCU,35.117823,111.034023
YCY,70.486099,-68.516701
YDA,64.043098,-139.128006
YDF,49.208159,-57.396147
YDL,58.422199,-130.031998
YDMG,-17.940300,138.822006
YDN,51.100800,-100.052002
YDNI,-9.579176,143.780276
YDP,56.550778,-61.682224
YDPO,-41.169701,146.429993
YDV,51.784568,-96.692305
YEG,53.309700,-113.580002
YEI,40.255199,29.562599
YEK,61.094200,-94.070801
YELD,-12.019400,135.570999
YEML,-23.567499,148.179001
YER,56.018902,-87.676102
YESP,-33.684399,121.822998
YEV,68.304199,-133.483002
YFA,52.203451,-81.695194
YFB,63.756402,-68.555801
YFC,45.868697,-66.529891
YFH,51.561901,-87.907799
YFJ,64.190804,-114.077002
YFLI,-40.091702,147.992996
YFO,54.678101,-101.681999
YFS,61.760201,-121.237000
YFTZ,-18.183596,125.559783
YFX,52.372799,-55.673901
YGEL,-28.796101,114.707001
YGG,48.854500,-123.496900
YGH,66.240658,-128.647757
YGJ,35.492199,133.235992
YGL,53.625301,-77.704201
YGLA,-23.869763,151.225439
YGN,50.839000,-126.775000
YGO,54.557680,-94.490061
YGP,48.774915,-64.481893
YGR,47.425242,-61.778612
YGRM,-28.034548,123.815060
YGT,69.364700,-81.816101
YGTE,-13.972405,136.458553
YGTH,-34.250801,146.067001
YGV,50.281898,-63.611401
YGW,55.281898,-77.765297
YGX,56.357120,-94.711504
YGZ,76.425823,-82.908583
YHA,52.528099,-56.286098
YHBA,-25.320127,152.880662
YHG,52.765774,-56.112370
YHH,50.049999,-125.250000
YHI,70.762802,-117.806000
YHID,-10.585636,142.292770
YHK,68.635597,-95.849701
YHM,43.171308,-79.929416
YHO,55.448757,-60.228124
YHOO,-18.336700,130.638000
YHOT,-37.047501,147.334000
YHP,52.113300,-94.255600
YHR,50.468322,-59.637823
YHU,45.517502,-73.416901
YHUG,-20.815001,144.225006
YHY,60.839699,-115.782997
YHZ,44.880798,-63.508598
YIA,-7.905338,110.057264
YIC,27.802500,114.306200
YIE,47.310600,119.911700
YIF,51.211700,-58.658298
YIG,50.392300,-125.137200
YIH,30.554132,111.482563
YIK,62.417301,-77.925301
YIN,43.955799,81.330299
YIO,72.689494,-77.968941
YIV,53.857201,-94.653603
YIW,29.342095,120.031160
YJLC,-20.668301,141.723007
YKA,50.703038,-120.448641
YKAR,-29.217223,116.687154
YKBR,-27.692813,114.259169
YKF,43.460800,-80.378601
YKG,60.027199,-69.999199
YKH,40.542524,122.358600
YKII,-39.877499,143.878006
YKKG,-17.431900,130.807999
YKL,54.805302,-66.805298
YKM,46.568199,-120.543999
YKMB,-17.456699,140.830002
YKO,37.549700,44.238100
YKOW,-15.485369,141.752572
YKQ,51.473301,-78.758301
YKS,62.093300,129.770996
YKSC,-35.713902,137.520996
YKU,53.805599,-78.916901
YKUB,-10.226480,142.219619
YLC,62.848253,-69.877853
YLE,63.131699,-117.246002
YLEO,-28.878099,121.315002
YLEV,-12.498900,135.806000
YLH,52.195599,-87.934196
YLHI,-31.538204,159.075460
YLHR,-12.786900,143.304993
YLIS,-28.830689,153.258419
YLK,44.485056,-79.554663
YLL,53.309200,-110.072998
YLRD,-29.452857,147.977146
YLRE,-23.432020,144.277492
YLST,-27.843300,120.703003
YLTN,-28.614267,122.428673
YLW,49.956100,-119.377998
YLX,22.433042,110.119996
YMAA,-9.950168,142.195230
YMAE,-9.915105,144.054644
YMAV,-38.040269,144.467196
YMAY,-36.066758,146.959148
YMEK,-26.611700,118.547997
YMEN,-37.728100,144.901993
YMER,-36.908600,149.901001
YMF,48.892250,-123.392150
YMGB,-12.094400,134.893997
YMGD,-12.056100,134.233994
YMH,52.302837,-55.847433
YMHB,-42.837032,147.513022
YMHU,-16.442499,136.084000
YMIA,-34.229198,142.085999
YMLT,-41.544935,147.210785
YMM,56.653301,-111.222000
YMMB,-37.977765,145.099799
YMML,-37.670732,144.837898
YMN,55.077335,-59.187942
YMO,51.291100,-80.607803
YMOG,-28.116100,117.842003
YMOR,-29.498899,149.845001
YMP,50.573480,-127.027702
YMRB,-22.057800,148.076996
YMRY,-35.897800,150.143997
YMS,-5.893770,-76.118202
YMT,49.771900,-74.528099
YMTG,-37.744382,140.780561
YMTI,-16.662500,139.177994
YMX,45.679501,-74.038696
YNA,50.190114,-61.788980
YNAR,-34.702202,146.511993
YNB,24.144199,38.063400
YNBR,-30.319201,149.826996
YNC,53.010601,-78.831100
YND,45.521702,-75.563599
YNE,53.958302,-97.844200
YNJ,42.882801,129.451004
YNL,58.276699,-104.082001
YNO,52.490002,-92.971100
YNP,55.913898,-61.184399
YNPE,-10.946194,142.455081
YNS,51.691101,-76.135597
YNT,37.659724,120.978124
YNTN,-17.684090,141.069664
YNWN,-23.417801,119.803001
YNY,38.060481,128.669822
YNZ,33.428317,120.205450
YOC,67.570602,-139.839005
YOG,51.658600,-85.901703
YOH,54.933300,-95.278900
YOJ,58.621399,-117.165001
YOL,9.257550,12.430400
YOLD,-30.483861,136.876699
YON,27.256270,91.514633
YOW,45.322498,-75.669197
YPA,53.214199,-105.672997
YPAD,-34.947512,138.533393
YPAG,-32.506901,137.716995
YPAM,-18.755301,146.580994
YPBO,-23.171101,117.745003
YPC,69.360838,-124.075470
YPCC,-12.192218,96.834103
YPDN,-12.414970,130.881850
YPE,56.226898,-117.446999
YPGV,-12.269400,136.817993
YPH,58.471901,-78.076897
YPJ,59.296700,-69.599701
YPKA,-20.712200,116.773003
YPKG,-30.791543,121.464586
YPKS,-33.131401,148.238998
YPKU,-15.778100,128.707993
YPL,51.446400,-90.214203
YPLC,-34.605301,135.880005
YPLM,-22.235201,114.090024
YPM,51.819698,-93.973297
YPMH,-29.716000,135.524400
YPMP,-14.896451,141.609080
YPMQ,-31.435801,152.863007
YPN,49.836399,-64.288597
YPO,54.987932,-85.442648
YPOD,-38.318100,141.470993
YPPD,-20.382787,118.629789
YPPH,-31.940300,115.967003
YPQ,44.232251,-78.362053
YPR,54.286098,-130.445007
YPW,49.834202,-124.500000
YPX,60.050598,-77.286903
YPXM,-10.450387,105.691100
YPY,58.767200,-111.116997
YPZ,54.376400,-125.950996
YQA,44.975376,-79.306546
YQB,46.791100,-71.393303
YQC,61.046398,-69.617798
YQD,53.971401,-101.091003
YQG,42.275600,-82.955597
YQH,60.116839,-128.821993
YQK,49.788300,-94.363098
YQL,49.630299,-112.800003
YQLP,-26.609176,144.253746
YQM,46.113189,-64.677190
YQN,50.182800,-86.696404
YQQ,49.710800,-124.887001
YQR,50.431938,-104.660906
YQT,48.371899,-89.323898
YQU,55.179699,-118.885002
YQX,48.936258,-54.567719
YQY,46.161072,-60.049759
YQZ,53.026100,-122.510002
YRA,64.116096,-117.309998
YRB,74.716904,-94.969398
YRF,53.682501,-57.042303
YRG,54.179699,-58.457500
YRJ,48.519665,-72.265735
YRL,51.066898,-93.793098
YRMD,-20.701900,143.115005
YRNG,-12.356400,134.897995
YRO,45.460496,-75.644001
YROM,-26.545000,148.774994
YRS,54.167198,-93.557198
YRT,62.811401,-92.115799
YSB,46.625000,-80.798897
YSCB,-35.306900,149.195007
YSDU,-32.216702,148.574997
YSF,59.250301,-105.841003
YSG,62.417823,-110.682793
YSGE,-28.049700,148.595001
YSHK,-25.897294,113.575802
YSII,-9.378330,142.625000
YSJ,45.316101,-65.890297
YSK,56.536891,-79.250221
YSM,60.020302,-111.961998
YSNF,-29.041759,167.939474
YSNK,-11.417674,130.648481
YSO,54.910500,-59.785070
YSQ,44.931143,124.552121
YSSY,-33.946098,151.177002
YST,53.845261,-94.851966
YSTW,-31.077898,150.845484
YSWG,-35.163484,147.468320
YSY,71.993896,-125.242996
YTE,64.230003,-76.526703
YTG,50.885359,-126.831069
YTGM,-27.986368,143.812065
YTH,55.801102,-97.864197
YTL,53.817799,-89.896896
YTNG,-24.494863,150.577967
YTNK,-19.634399,134.182999
YTP,49.155000,-125.910000
YTQ,58.667801,-69.955803
YTS,48.569698,-81.376701
YTW,36.808500,81.782700
YTY,32.563400,119.719800
YTZ,43.627852,-79.395530
YUD,56.536098,-76.518303
YUL,45.467837,-73.742294
YUM,32.650938,-114.609375
YUS,32.836389,97.036389
YUT,66.521024,-86.225166
YUX,68.776100,-81.242500
YUY,48.206100,-78.835602
YVB,48.071098,-65.460297
YVC,55.151402,-105.262001
YVM,67.546560,-64.031410
YVO,48.053299,-77.782799
YVP,58.096100,-68.426903
YVQ,65.281601,-126.797997
YVR,49.193901,-123.183998
YVV,44.745800,-81.107201
YVZ,52.655613,-94.061208
YWB,61.588600,-71.929398
YWBS,-10.208300,142.824997
YWDH,-25.410641,142.668428
YWG,49.910000,-97.239899
YWH,48.423782,-123.371980
YWHA,-33.058899,137.514008
YWJ,65.211098,-123.435997
YWK,52.921902,-66.864403
YWL,52.183102,-122.054001
YWLG,-30.032801,148.126007
YWLM,-32.796114,151.835025
YWLU,-26.632691,120.221906
YWM,52.567377,-55.784883
YWP,52.959393,-87.374868
YWS,50.143600,-122.948997
YWTN,-22.363600,143.085999
YWYY,-40.997039,145.726000
YXC,49.610802,-115.781998
YXE,52.170723,-106.700793
YXH,50.018902,-110.721001
YXJ,56.238098,-120.739998
YXL,50.113899,-91.905296
YXN,62.240002,-92.598099
YXP,66.144878,-65.713606
YXS,53.884311,-122.666554
YXT,54.468498,-128.576009
YXU,43.032845,-81.149003
YXX,49.025299,-122.361000
YXY,60.708533,-135.065705
YYA,29.311699,113.281574
YYB,46.363602,-79.422798
YYC,51.118822,-114.009933
YYD,54.824699,-127.182999
YYE,58.836399,-122.597000
YYF,49.463100,-119.601997
YYG,46.288911,-63.125174
YYH,69.546700,-93.576698
YYJ,48.647201,-123.427792
YYKI,-9.752801,143.405673
YYL,56.863899,-101.075996
YYMI,-9.899187,142.774265
YYQ,58.739201,-94.065002
YYR,53.319199,-60.425800
YYT,47.618599,-52.751900
YYY,48.608601,-68.208099
YYZ,43.675935,-79.629421
YZF,62.462799,-114.440002
YZG,62.179401,-75.667198
YZP,53.254299,-131.813995
YZS,64.193298,-83.359398
YZT,50.680599,-127.366997
YZU,54.143902,-115.787003
YZV,50.223301,-66.265602
YZY,38.801899,100.675003
YZZ,49.055599,-117.609001
ZAD,44.096986,15.353565
ZAG,45.742901,16.068800
ZAH,29.475700,60.906200
ZAL,-39.650002,-73.086098
ZAM,6.922420,122.059998
ZAT,27.205843,103.691511
ZAZ,41.666199,-1.041550
ZBAA,40.077349,116.596702
ZBAD,39.501289,116.413967
ZBAL,38.748317,105.584160
ZBAR,39.225000,101.546000
ZBCD,41.122500,118.073889
ZBCF,42.159723,118.840971
ZBCZ,36.247501,113.125999
ZBDH,39.666384,119.061384
ZBDS,39.493514,109.859900
ZBDT,40.061390,113.480509
ZBER,43.424079,112.091081
ZBES,47.310600,119.911700
ZBF,47.629700,-65.738899
ZBHD,36.524824,114.424126
ZBHH,40.849658,111.824598
ZBHZ,45.487222,119.407222
ZBLA,49.208616,119.822301
ZBLF,36.132629,111.641236
ZBLL,37.683333,111.142778
ZBMZ,49.566667,117.330000
ZBOW,40.560001,109.997002
ZBR,25.443190,60.382167
ZBSG,39.273241,112.691552
ZBSJ,38.280701,114.696999
ZBSN,39.717800,118.002625
ZBTJ,39.124401,117.346001
ZBTL,43.556702,122.199997
ZBUC,41.130266,113.107274
ZBUH,39.793400,106.799300
ZBUL,46.195333,122.008333
ZBUT,41.694354,108.378439
ZBXH,43.915600,115.963997
ZBXZ,38.597456,112.969173
ZBYC,35.117823,111.034023
ZBYN,37.746899,112.627998
ZBYZ,40.926358,107.740930
ZBZJ,40.738664,114.933395
ZBZL,47.865942,122.768662
ZCL,22.894942,-102.687154
ZCO,-38.925900,-72.651500
ZDY,24.510000,52.335200
ZEL,52.185001,-128.156994
ZEM,52.226398,-78.522499
ZFD,59.334400,-107.181999
ZFL,43.088477,81.223013
ZFM,67.406993,-134.860182
ZFN,64.909496,-125.570297
ZGBH,21.538659,109.293683
ZGBS,23.720600,106.959999
ZGCD,28.918900,111.639999
ZGCJ,27.443087,109.704666
ZGCZ,25.753419,112.845404
ZGDY,29.104749,110.442786
ZGFS,23.082500,113.070833
ZGGG,23.392401,113.299004
ZGHA,28.189199,113.220001
ZGHC,24.804344,107.710819
ZGHY,26.722080,112.617958
ZGHZ,23.049999,114.599998
ZGI,54.839699,-94.078598
ZGKL,25.219828,110.039553
ZGLG,26.338661,111.610043
ZGMX,24.263425,116.097857
ZGNN,22.598071,108.181922
ZGOW,23.552000,116.503300
ZGS,50.259553,-60.674357
ZGSD,22.006399,113.375999
ZGSG,24.978600,113.420998
ZGSY,26.806123,110.641042
ZGSZ,22.639474,113.803262
ZGWZ,23.403160,111.093310
ZGXX,28.497200,109.521800
ZGYL,22.433042,110.119996
ZGYY,29.311699,113.281574
ZGZH,24.207500,109.390999
ZGZJ,21.481667,110.590278
ZHA,21.481667,110.590278
ZHCC,34.526497,113.849165
ZHEC,30.341178,115.039260
ZHES,30.320299,109.485001
ZHHH,30.774798,114.213723
ZHJZ,30.292810,112.448540
ZHLY,34.741100,112.388000
ZHNY,32.982696,112.617467
ZHQQ,35.870833,114.461944
ZHSN,31.626000,110.340000
ZHSY,32.592889,110.906296
ZHXF,32.152222,112.291666
ZHXY,32.540819,114.079141
ZHY,37.573125,105.154454
ZHYC,30.554132,111.482563
ZIA,55.553299,38.150002
ZIG,12.555590,-16.283298
ZIH,17.601771,-101.460629
ZIX,66.796501,123.361000
ZJHK,19.934900,110.459000
ZJQH,19.140951,110.452766
ZJSY,18.302900,109.412003
ZKE,52.282501,-81.677803
ZKHM,41.428538,129.647555
ZKP,65.748500,150.888900
ZKPY,39.224098,125.669998
ZKSD,39.745201,127.473999
ZKWS,39.165219,127.487931
ZLAK,32.756960,108.873380
ZLDH,40.161953,94.812827
ZLDL,37.125286,97.268658
ZLGL,34.418066,100.301144
ZLGM,36.400600,94.786102
ZLGY,36.078889,106.216944
ZLHB,38.008068,100.645065
ZLHX,38.201645,90.837843
ZLHZ,33.133527,107.203817
ZLIC,38.322758,106.393214
ZLJC,38.542222,102.348333
ZLJQ,39.859052,98.339344
ZLLL,36.515202,103.620003
ZLLN,33.789918,105.790014
ZLO,19.144800,-104.558998
ZLQY,35.802638,107.598896
ZLT,50.830799,-58.975601
ZLTS,34.560100,105.860343
ZLXH,34.819014,102.622261
ZLXN,36.527750,102.040215
ZLXY,34.442207,108.762385
ZLYA,36.479413,109.464083
ZLYL,38.359710,109.590927
ZLYS,32.836389,97.036389
ZLZW,37.573125,105.154454
ZLZY,38.801899,100.675003
ZMAH,46.250301,102.802002
ZMAT,46.376400,96.221100
ZMBH,46.163300,100.704002
ZMBN,48.855000,103.475998
ZMCD,48.135381,114.647231
ZMCK,47.646916,106.819833
ZMDN,47.709300,96.525800
ZMDZ,43.608628,104.367734
ZMKD,47.954102,91.628197
ZMMG,45.738098,106.268997
ZMMN,49.663677,100.100028
ZMT,54.027500,-132.125000
ZMUG,50.066588,91.938273
ZMUL,48.993301,89.922501
ZNA,49.169813,-123.933845
ZND,13.779000,8.983760
ZNE,-23.417801,119.803001
ZNZ,-6.222020,39.224899
ZOS,-40.611198,-73.060997
ZPB,53.890885,-92.195935
ZPBS,25.053301,99.168297
ZPC,-39.292801,-71.915901
ZPCW,23.276331,99.373169
ZPDL,25.649401,100.319000
ZPDQ,27.793600,99.677200
ZPJH,21.974648,100.762224
ZPJM,22.417733,99.784012
ZPLC,23.738100,100.025002
ZPLJ,26.677483,100.244944
ZPMS,24.401100,98.531700
ZPNL,27.540300,100.759300
ZPPP,25.110313,102.936743
ZPSM,22.793301,100.959000
ZPTC,24.938056,98.485833
ZPWS,23.558300,104.325500
ZPZT,27.205843,103.691511
ZQN,-45.019205,168.746379
ZQZ,40.738664,114.933395
ZRH,47.458056,8.548056
ZRJ,52.943600,-91.312798
ZSA,24.063041,-74.523233
ZSAM,24.543889,118.127454
ZSAQ,30.582199,117.050003
ZSBA,33.166292,117.058344
ZSCG,31.920485,119.775460
ZSCN,28.864815,115.902710
ZSDY,37.501370,118.789863
ZSE,-21.319362,55.422506
ZSFY,32.882157,115.734364
ZSFZ,25.929254,119.672524
ZSGS,26.856899,114.737000
ZSGZ,25.853333,114.778889
ZSHC,30.236090,120.428865
ZSHZ,35.212972,115.736748
ZSJ,53.064201,-93.344398
ZSJD,29.338600,117.176003
ZSJG,35.647358,116.743269
ZSJH,30.740300,117.685600
ZSJJ,29.476944,115.801111
ZSJN,36.857201,117.216003
ZSJU,28.966130,118.898793
ZSJX,30.698056,120.663056
ZSLG,34.414060,119.178990
ZSLO,25.675920,116.745907
ZSLQ,28.562201,121.429001
ZSLY,35.052918,118.411828
ZSNB,29.826700,121.461998
ZSNJ,31.735032,118.865949
ZSNT,32.073566,120.980076
ZSOF,31.987790,116.976900
ZSPD,31.143400,121.805000
ZSQD,36.361953,120.088171
ZSQZ,24.795855,118.588599
ZSRZ,35.405033,119.324403
ZSSH,33.792712,119.126657
ZSSM,26.426300,117.833600
ZSSR,28.379700,117.964300
ZSSS,31.198104,121.334260
ZSTX,29.733299,118.255997
ZSWA,31.104500,118.666870
ZSWF,36.646702,119.119003
ZSWH,37.187099,122.228996
ZSWX,31.496952,120.430380
ZSWY,27.701900,118.000999
ZSWZ,27.910572,120.853465
ZSXZ,34.059056,117.555278
ZSYA,32.563400,119.719800
ZSYC,27.802500,114.306200
ZSYN,33.428317,120.205450
ZSYT,37.659724,120.978124
ZSYW,29.342095,120.031160
ZSZS,29.933874,122.362307
ZTB,50.674400,-59.383598
ZTH,37.750900,20.884300
ZTM,55.863560,-92.081137
ZUAL,32.097940,80.053971
ZUAS,26.260556,105.873333
ZUBD,30.553600,97.108299
ZUBJ,27.267066,105.472097
ZUBZ,31.738420,106.644872
ZUCK,29.712254,106.651895
ZUDA,31.048815,107.435646
ZUDC,29.316320,100.060317
ZUDR,28.604567,86.798000
ZUDX,31.130200,107.429500
ZUGU,32.390254,105.694571
ZUGY,26.541805,106.804020
ZUGZ,31.757500,99.554167
ZUH,22.006399,113.375999
ZUJZ,32.853333,103.682222
ZUKD,30.142464,101.738720
ZUKJ,26.972000,107.988000
ZULA,31.501910,106.034417
ZULB,25.452500,107.961667
ZULS,29.298001,90.911951
ZULZ,29.030357,105.468407
ZUM,53.561901,-64.106400
ZUMT,27.961837,106.435416
ZUMY,31.428101,104.740997
ZUNC,30.798104,106.164150
ZUNP,26.322170,109.149900
ZUNZ,29.303301,94.335297
ZUPS,26.609417,104.979000
ZUQJ,29.513333,108.831111
ZURK,29.350876,89.299157
ZUSH,28.422422,92.348082
ZUTF,30.312520,104.441284
ZUTR,27.883333,109.308889
ZUUU,30.558257,103.945966
ZUWL,29.465658,107.693664
ZUWS,31.068960,109.708958
ZUWX,30.801700,108.433000
ZUXC,27.989100,102.183998
ZUYB,28.858431,104.526157
ZUYI,25.083423,104.960804
ZUZH,26.540000,101.798520
ZUZY,27.810723,107.247189
ZWAK,41.262501,80.291702
ZWAL,40.434748,81.262060
ZWAT,47.749886,88.085808
ZWBL,44.895461,82.300070
ZWCM,38.234516,85.465462
ZWFY,46.804169,89.512006
ZWHJ,42.976395,83.995543
ZWHM,42.841400,93.669197
ZWHZ,44.242100,85.890500
ZWKC,41.677856,82.872917
ZWKL,41.614979,86.140817
ZWKM,45.466550,84.952700
ZWKN,48.222300,86.995900
ZWL,58.106899,-103.171997
ZWNL,43.431800,83.378600
ZWQT,44.166086,89.550140
ZWRQ,38.974722,88.008333
ZWSC,38.245420,77.056149
ZWSH,39.542273,76.020230
ZWTC,46.672501,83.340797
ZWTK,37.661333,75.288877
ZWTL,43.030800,89.098700
ZWTN,37.038502,79.864899
ZWTS,39.886663,79.233408
ZWWW,43.913584,87.479372
ZWYN,43.955799,81.330299
ZWYT,36.808500,81.782700
ZWZS,43.088477,81.223013
ZYAS,41.105301,122.853996
ZYBA,45.505278,123.019722
ZYBS,42.066944,127.602222
ZYCC,43.996201,125.684998
ZYCH,39.266441,122.666960
ZYCY,41.538101,120.434998
ZYDD,40.025453,124.286690
ZYDQ,46.750883,125.138642
ZYDU,48.441037,126.128374
ZYFY,48.197219,134.362980
ZYHB,45.623402,126.250000
ZYHE,50.171621,127.308884
ZYI,27.810723,107.247189
ZYJD,50.371389,124.117500
ZYJM,46.842793,130.464260
ZYJS,47.108248,132.657920
ZYJX,45.293000,131.193000
ZYJZ,40.936032,121.277114
ZYL,24.963993,91.864749
ZYLD,47.752056,129.019125
ZYMD,44.525172,129.568634
ZYMH,52.916871,122.422759
ZYQQ,47.229969,123.914179
ZYSQ,44.931143,124.552121
ZYTL,38.965719,121.538477
ZYTN,42.048435,125.733963
ZYTX,41.639800,123.483668
ZYYJ,42.882801,129.451004
ZYYK,40.542524,122.358600
